,Unnamed: 0,batch,kernel,machine,scheduler,tasks,time
1260,1260,kbuild 4.19,4.19.0-ipanema-g8cd6f0a04f0c,i80,cfs_wwc_flat_v2 scheduling policy,32,57.77
1261,1261,kbuild 4.19,4.19.0-ipanema-g8cd6f0a04f0c,i80,cfs_wwc_flat_v2 scheduling policy,64,48.87
1262,1262,kbuild 4.19,4.19.0-ipanema-g8cd6f0a04f0c,i80,cfs_wwc_flat_v2 scheduling policy,128,46.98
1263,1263,kbuild 4.19,4.19.0-ipanema-g8cd6f0a04f0c,i80,cfs_wwc_flat_v2 scheduling policy,128,48.52
1264,1264,kbuild 4.19,4.19.0-ipanema-g8cd6f0a04f0c,i80,cfs_wwc_flat_v2 scheduling policy,32,59.37
1265,1265,kbuild 4.19,4.19.0-ipanema-g8cd6f0a04f0c,i80,cfs_wwc_flat_v2 scheduling policy,64,49.69
1266,1266,kbuild 4.19,4.19.0-ipanema-g8cd6f0a04f0c,i80,cfs_wwc_flat_v2 scheduling policy,512,49.27
1267,1267,kbuild 4.19,4.19.0-ipanema-g8cd6f0a04f0c,i80,cfs_wwc_flat_v2 scheduling policy,32,58.06
1268,1268,kbuild 4.19,4.19.0-ipanema-g8cd6f0a04f0c,i80,cfs_wwc_flat_v2 scheduling policy,256,48.7
1269,1269,kbuild 4.19,4.19.0-ipanema-g8cd6f0a04f0c,i80,cfs_wwc_flat_v2 scheduling policy,512,48.96
1270,1270,kbuild 4.19,4.19.0-ipanema-g8cd6f0a04f0c,i80,cfs_wwc_flat_v2 scheduling policy,32,58.03
1271,1271,kbuild 4.19,4.19.0-ipanema-g8cd6f0a04f0c,i80,cfs_wwc_flat_v2 scheduling policy,512,48.6
1272,1272,kbuild 4.19,4.19.0-ipanema-g8cd6f0a04f0c,i80,cfs_wwc_flat_v2 scheduling policy,128,48.04
1273,1273,kbuild 4.19,4.19.0-ipanema-g8cd6f0a04f0c,i80,cfs_wwc_flat_v2 scheduling policy,256,48.37
1274,1274,kbuild 4.19,4.19.0-ipanema-g8cd6f0a04f0c,i80,cfs_wwc_flat_v2 scheduling policy,64,51.48
1275,1275,kbuild 4.19,4.19.0-ipanema-g8cd6f0a04f0c,i80,cfs_wwc_flat_v2 scheduling policy,64,49.22
1276,1276,kbuild 4.19,4.19.0-ipanema-g8cd6f0a04f0c,i80,cfs_wwc_flat_v2 scheduling policy,256,48.59
1277,1277,kbuild 4.19,4.19.0-ipanema-g8cd6f0a04f0c,i80,cfs_wwc_flat_v2 scheduling policy,32,59.51
1278,1278,kbuild 4.19,4.19.0-ipanema-g8cd6f0a04f0c,i80,cfs_wwc_flat_v2 scheduling policy,32,58.73
1279,1279,kbuild 4.19,4.19.0-ipanema-g8cd6f0a04f0c,i80,cfs_wwc_flat_v2 scheduling policy,256,48.41
1280,1280,kbuild 4.19,4.19.0-ipanema-g8cd6f0a04f0c,i80,cfs_wwc_flat_v2 scheduling policy,32,59.72
1281,1281,kbuild 4.19,4.19.0-ipanema-g8cd6f0a04f0c,i80,cfs_wwc_flat_v2 scheduling policy,512,48.72
1282,1282,kbuild 4.19,4.19.0-ipanema-g8cd6f0a04f0c,i80,cfs_wwc_flat_v2 scheduling policy,32,58.21
1283,1283,kbuild 4.19,4.19.0-ipanema-g8cd6f0a04f0c,i80,cfs_wwc_flat_v2 scheduling policy,64,48.33
1284,1284,kbuild 4.19,4.19.0-ipanema-g8cd6f0a04f0c,i80,cfs_wwc_flat_v2 scheduling policy,32,58.51
1285,1285,kbuild 4.19,4.19.0-ipanema-g8cd6f0a04f0c,i80,cfs_wwc_flat_v2 scheduling policy,64,47.93
1286,1286,kbuild 4.19,4.19.0-ipanema-g8cd6f0a04f0c,i80,cfs_wwc_flat_v2 scheduling policy,64,48.78
1287,1287,kbuild 4.19,4.19.0-ipanema-g8cd6f0a04f0c,i80,cfs_wwc_flat_v2 scheduling policy,256,48.49
1288,1288,kbuild 4.19,4.19.0-ipanema-g8cd6f0a04f0c,i80,cfs_wwc_flat_v2 scheduling policy,32,57.94
1289,1289,kbuild 4.19,4.19.0-ipanema-g8cd6f0a04f0c,i80,cfs_wwc_flat_v2 scheduling policy,32,58.43
1290,1290,kbuild 4.19,4.19.0-ipanema-g8cd6f0a04f0c,i80,cfs_wwc_flat_v2 scheduling policy,64,49.61
1291,1291,kbuild 4.19,4.19.0-ipanema-g8cd6f0a04f0c,i80,cfs_wwc_flat_v2 scheduling policy,64,47.96
1292,1292,kbuild 4.19,4.19.0-ipanema-g8cd6f0a04f0c,i80,cfs_wwc_flat_v2 scheduling policy,64,49.91
1293,1293,kbuild 4.19,4.19.0-ipanema-g8cd6f0a04f0c,i80,cfs_wwc_flat_v2 scheduling policy,32,58.22
1294,1294,kbuild 4.19,4.19.0-ipanema-g8cd6f0a04f0c,i80,cfs_wwc_flat_v2 scheduling policy,512,48.08
1295,1295,kbuild 4.19,4.19.0-ipanema-g8cd6f0a04f0c,i80,cfs_wwc_flat_v2 scheduling policy,128,46.69
1296,1296,kbuild 4.19,4.19.0-ipanema-g8cd6f0a04f0c,i80,cfs_wwc_flat_v2 scheduling policy,32,60.31
1297,1297,kbuild 4.19,4.19.0-ipanema-g8cd6f0a04f0c,i80,cfs_wwc_flat_v2 scheduling policy,32,58.81
1298,1298,kbuild 4.19,4.19.0-ipanema-g8cd6f0a04f0c,i80,cfs_wwc_flat_v2 scheduling policy,128,47.73
1299,1299,kbuild 4.19,4.19.0-ipanema-g8cd6f0a04f0c,i80,cfs_wwc_flat_v2 scheduling policy,32,58.0
1300,1300,kbuild 4.19,4.19.0-ipanema-g8cd6f0a04f0c,i80,cfs_wwc_flat_v2 scheduling policy,32,58.57
1301,1301,kbuild 4.19,4.19.0-ipanema-g8cd6f0a04f0c,i80,cfs_wwc_flat_v2 scheduling policy,32,58.4
1302,1302,kbuild 4.19,4.19.0-ipanema-g8cd6f0a04f0c,i80,cfs_wwc_flat_v2 scheduling policy,512,48.8
1303,1303,kbuild 4.19,4.19.0-ipanema-g8cd6f0a04f0c,i80,cfs_wwc_flat_v2 scheduling policy,512,49.62
1304,1304,kbuild 4.19,4.19.0-ipanema-g8cd6f0a04f0c,i80,cfs_wwc_flat_v2 scheduling policy,32,58.98
1305,1305,kbuild 4.19,4.19.0-ipanema-g8cd6f0a04f0c,i80,cfs_wwc_flat_v2 scheduling policy,32,57.95
1306,1306,kbuild 4.19,4.19.0-ipanema-g8cd6f0a04f0c,i80,cfs_wwc_flat_v2 scheduling policy,128,48.1
1307,1307,kbuild 4.19,4.19.0-ipanema-g8cd6f0a04f0c,i80,cfs_wwc_flat_v2 scheduling policy,128,48.17
1308,1308,kbuild 4.19,4.19.0-ipanema-g8cd6f0a04f0c,i80,cfs_wwc_flat_v2 scheduling policy,128,47.32
1309,1309,kbuild 4.19,4.19.0-ipanema-g8cd6f0a04f0c,i80,cfs_wwc_flat_v2 scheduling policy,256,48.93
1310,1310,kbuild 4.19,4.19.0-ipanema-g8cd6f0a04f0c,i80,cfs_wwc_flat_v2 scheduling policy,128,46.69
1311,1311,kbuild 4.19,4.19.0-ipanema-g8cd6f0a04f0c,i80,cfs_wwc_flat_v2 scheduling policy,256,48.78
1312,1312,kbuild 4.19,4.19.0-ipanema-g8cd6f0a04f0c,i80,cfs_wwc_flat_v2 scheduling policy,256,49.37
1313,1313,kbuild 4.19,4.19.0-ipanema-g8cd6f0a04f0c,i80,cfs_wwc_flat_v2 scheduling policy,128,48.05
1314,1314,kbuild 4.19,4.19.0-ipanema-g8cd6f0a04f0c,i80,cfs_wwc_flat_v2 scheduling policy,64,49.56
1315,1315,kbuild 4.19,4.19.0-ipanema-g8cd6f0a04f0c,i80,cfs_wwc_flat_v2 scheduling policy,32,58.56
1316,1316,kbuild 4.19,4.19.0-ipanema-g8cd6f0a04f0c,i80,cfs_wwc_flat_v2 scheduling policy,256,48.76
1317,1317,kbuild 4.19,4.19.0-ipanema-g8cd6f0a04f0c,i80,cfs_wwc_flat_v2 scheduling policy,512,48.86
1318,1318,kbuild 4.19,4.19.0-ipanema-g8cd6f0a04f0c,i80,cfs_wwc_flat_v2 scheduling policy,256,48.22
1319,1319,kbuild 4.19,4.19.0-ipanema-g8cd6f0a04f0c,i80,cfs_wwc_flat_v2 scheduling policy,128,47.35
1320,1320,kbuild 4.19,4.19.0-ipanema-g8cd6f0a04f0c,i80,cfs_wwc_flat_v2 scheduling policy,128,47.25
1321,1321,kbuild 4.19,4.19.0-ipanema-g8cd6f0a04f0c,i80,cfs_wwc_flat_v2 scheduling policy,128,47.75
1322,1322,kbuild 4.19,4.19.0-ipanema-g8cd6f0a04f0c,i80,cfs_wwc_flat_v2 scheduling policy,64,49.25
1323,1323,kbuild 4.19,4.19.0-ipanema-g8cd6f0a04f0c,i80,cfs_wwc_flat_v2 scheduling policy,128,47.62
1324,1324,kbuild 4.19,4.19.0-ipanema-g8cd6f0a04f0c,i80,cfs_wwc_flat_v2 scheduling policy,64,49.5
1325,1325,kbuild 4.19,4.19.0-ipanema-g8cd6f0a04f0c,i80,cfs_wwc_flat_v2 scheduling policy,32,59.74
1326,1326,kbuild 4.19,4.19.0-ipanema-g8cd6f0a04f0c,i80,cfs_wwc_flat_v2 scheduling policy,32,59.47
1327,1327,kbuild 4.19,4.19.0-ipanema-g8cd6f0a04f0c,i80,cfs_wwc_flat_v2 scheduling policy,64,50.57
1328,1328,kbuild 4.19,4.19.0-ipanema-g8cd6f0a04f0c,i80,cfs_wwc_flat_v2 scheduling policy,512,49.76
1329,1329,kbuild 4.19,4.19.0-ipanema-g8cd6f0a04f0c,i80,cfs_wwc_flat_v2 scheduling policy,64,49.91
1330,1330,kbuild 4.19,4.19.0-ipanema-g8cd6f0a04f0c,i80,cfs_wwc_flat_v2 scheduling policy,64,49.49
1331,1331,kbuild 4.19,4.19.0-ipanema-g8cd6f0a04f0c,i80,cfs_wwc_flat_v2 scheduling policy,512,48.62
1332,1332,kbuild 4.19,4.19.0-ipanema-g8cd6f0a04f0c,i80,cfs_wwc_flat_v2 scheduling policy,256,48.47
1333,1333,kbuild 4.19,4.19.0-ipanema-g8cd6f0a04f0c,i80,cfs_wwc_flat_v2 scheduling policy,64,49.51
1334,1334,kbuild 4.19,4.19.0-ipanema-g8cd6f0a04f0c,i80,cfs_wwc_flat_v2 scheduling policy,256,48.49
1335,1335,kbuild 4.19,4.19.0-ipanema-g8cd6f0a04f0c,i80,cfs_wwc_flat_v2 scheduling policy,128,47.67
1336,1336,kbuild 4.19,4.19.0-ipanema-g8cd6f0a04f0c,i80,cfs_wwc_flat_v2 scheduling policy,512,48.55
1337,1337,kbuild 4.19,4.19.0-ipanema-g8cd6f0a04f0c,i80,cfs_wwc_flat_v2 scheduling policy,256,49.1
1338,1338,kbuild 4.19,4.19.0-ipanema-g8cd6f0a04f0c,i80,cfs_wwc_flat_v2 scheduling policy,128,47.12
1339,1339,kbuild 4.19,4.19.0-ipanema-g8cd6f0a04f0c,i80,cfs_wwc_flat_v2 scheduling policy,32,58.53
1340,1340,kbuild 4.19,4.19.0-ipanema-g8cd6f0a04f0c,i80,cfs_wwc_flat_v2 scheduling policy,512,48.95
1341,1341,kbuild 4.19,4.19.0-ipanema-g8cd6f0a04f0c,i80,cfs_wwc_flat_v2 scheduling policy,128,47.62
1342,1342,kbuild 4.19,4.19.0-ipanema-g8cd6f0a04f0c,i80,cfs_wwc_flat_v2 scheduling policy,256,48.65
1343,1343,kbuild 4.19,4.19.0-ipanema-g8cd6f0a04f0c,i80,cfs_wwc_flat_v2 scheduling policy,32,58.48
1344,1344,kbuild 4.19,4.19.0-ipanema-g8cd6f0a04f0c,i80,cfs_wwc_flat_v2 scheduling policy,512,48.9
1345,1345,kbuild 4.19,4.19.0-ipanema-g8cd6f0a04f0c,i80,cfs_wwc_flat_v2 scheduling policy,32,58.43
1346,1346,kbuild 4.19,4.19.0-ipanema-g8cd6f0a04f0c,i80,cfs_wwc_flat_v2 scheduling policy,256,48.83
1347,1347,kbuild 4.19,4.19.0-ipanema-g8cd6f0a04f0c,i80,cfs_wwc_flat_v2 scheduling policy,32,58.11
1348,1348,kbuild 4.19,4.19.0-ipanema-g8cd6f0a04f0c,i80,cfs_wwc_flat_v2 scheduling policy,256,48.42
1349,1349,kbuild 4.19,4.19.0-ipanema-g8cd6f0a04f0c,i80,cfs_wwc_flat_v2 scheduling policy,256,48.69
1350,1350,kbuild 4.19,4.19.0-ipanema-g8cd6f0a04f0c,i80,cfs_wwc_flat_v2 scheduling policy,64,48.55
1351,1351,kbuild 4.19,4.19.0-ipanema-g8cd6f0a04f0c,i80,cfs_wwc_flat_v2 scheduling policy,256,48.92
1352,1352,kbuild 4.19,4.19.0-ipanema-g8cd6f0a04f0c,i80,cfs_wwc_flat_v2 scheduling policy,128,47.31
1353,1353,kbuild 4.19,4.19.0-ipanema-g8cd6f0a04f0c,i80,cfs_wwc_flat_v2 scheduling policy,64,49.89
1354,1354,kbuild 4.19,4.19.0-ipanema-g8cd6f0a04f0c,i80,cfs_wwc_flat_v2 scheduling policy,512,49.26
1355,1355,kbuild 4.19,4.19.0-ipanema-g8cd6f0a04f0c,i80,cfs_wwc_flat_v2 scheduling policy,256,48.7
1356,1356,kbuild 4.19,4.19.0-ipanema-g8cd6f0a04f0c,i80,cfs_wwc_flat_v2 scheduling policy,128,47.88
1357,1357,kbuild 4.19,4.19.0-ipanema-g8cd6f0a04f0c,i80,cfs_wwc_flat_v2 scheduling policy,512,49.3
1358,1358,kbuild 4.19,4.19.0-ipanema-g8cd6f0a04f0c,i80,cfs_wwc_flat_v2 scheduling policy,256,49.62
1359,1359,kbuild 4.19,4.19.0-ipanema-g8cd6f0a04f0c,i80,cfs_wwc_flat_v2 scheduling policy,128,48.08
1360,1360,kbuild 4.19,4.19.0-ipanema-g8cd6f0a04f0c,i80,cfs_wwc_flat_v2 scheduling policy,128,49.82
1361,1361,kbuild 4.19,4.19.0-ipanema-g8cd6f0a04f0c,i80,cfs_wwc_flat_v2 scheduling policy,512,49.08
1362,1362,kbuild 4.19,4.19.0-ipanema-g8cd6f0a04f0c,i80,cfs_wwc_flat_v2 scheduling policy,256,49.86
1363,1363,kbuild 4.19,4.19.0-ipanema-g8cd6f0a04f0c,i80,cfs_wwc_flat_v2 scheduling policy,64,49.86
1364,1364,kbuild 4.19,4.19.0-ipanema-g8cd6f0a04f0c,i80,cfs_wwc_flat_v2 scheduling policy,256,49.45
1365,1365,kbuild 4.19,4.19.0-ipanema-g8cd6f0a04f0c,i80,cfs_wwc_flat_v2 scheduling policy,128,46.7
1366,1366,kbuild 4.19,4.19.0-ipanema-g8cd6f0a04f0c,i80,cfs_wwc_flat_v2 scheduling policy,32,61.32
1367,1367,kbuild 4.19,4.19.0-ipanema-g8cd6f0a04f0c,i80,cfs_wwc_flat_v2 scheduling policy,32,58.31
1368,1368,kbuild 4.19,4.19.0-ipanema-g8cd6f0a04f0c,i80,cfs_wwc_flat_v2 scheduling policy,32,59.72
1369,1369,kbuild 4.19,4.19.0-ipanema-g8cd6f0a04f0c,i80,cfs_wwc_flat_v2 scheduling policy,256,49.46
1370,1370,kbuild 4.19,4.19.0-ipanema-g8cd6f0a04f0c,i80,cfs_wwc_flat_v2 scheduling policy,32,59.01
1371,1371,kbuild 4.19,4.19.0-ipanema-g8cd6f0a04f0c,i80,cfs_wwc_flat_v2 scheduling policy,64,48.94
1372,1372,kbuild 4.19,4.19.0-ipanema-g8cd6f0a04f0c,i80,cfs_wwc_flat_v2 scheduling policy,256,49.15
1373,1373,kbuild 4.19,4.19.0-ipanema-g8cd6f0a04f0c,i80,cfs_wwc_flat_v2 scheduling policy,128,47.54
1374,1374,kbuild 4.19,4.19.0-ipanema-g8cd6f0a04f0c,i80,cfs_wwc_flat_v2 scheduling policy,32,59.22
1375,1375,kbuild 4.19,4.19.0-ipanema-g8cd6f0a04f0c,i80,cfs_wwc_flat_v2 scheduling policy,32,58.93
1376,1376,kbuild 4.19,4.19.0-ipanema-g8cd6f0a04f0c,i80,cfs_wwc_flat_v2 scheduling policy,512,49.5
1377,1377,kbuild 4.19,4.19.0-ipanema-g8cd6f0a04f0c,i80,cfs_wwc_flat_v2 scheduling policy,256,49.61
1378,1378,kbuild 4.19,4.19.0-ipanema-g8cd6f0a04f0c,i80,cfs_wwc_flat_v2 scheduling policy,512,49.23
1379,1379,kbuild 4.19,4.19.0-ipanema-g8cd6f0a04f0c,i80,cfs_wwc_flat_v2 scheduling policy,256,49.05
1380,1380,kbuild 4.19,4.19.0-ipanema-g8cd6f0a04f0c,i80,cfs_wwc_flat_v2 scheduling policy,64,50.13
1381,1381,kbuild 4.19,4.19.0-ipanema-g8cd6f0a04f0c,i80,cfs_wwc_flat_v2 scheduling policy,512,49.17
1382,1382,kbuild 4.19,4.19.0-ipanema-g8cd6f0a04f0c,i80,cfs_wwc_flat_v2 scheduling policy,256,48.64
1383,1383,kbuild 4.19,4.19.0-ipanema-g8cd6f0a04f0c,i80,cfs_wwc_flat_v2 scheduling policy,512,49.27
1384,1384,kbuild 4.19,4.19.0-ipanema-g8cd6f0a04f0c,i80,cfs_wwc_flat_v2 scheduling policy,512,48.54
1385,1385,kbuild 4.19,4.19.0-ipanema-g8cd6f0a04f0c,i80,cfs_wwc_flat_v2 scheduling policy,512,49.01
1386,1386,kbuild 4.19,4.19.0-ipanema-g8cd6f0a04f0c,i80,cfs_wwc_flat_v2 scheduling policy,32,57.4
1387,1387,kbuild 4.19,4.19.0-ipanema-g8cd6f0a04f0c,i80,cfs_wwc_flat_v2 scheduling policy,512,48.55
1388,1388,kbuild 4.19,4.19.0-ipanema-g8cd6f0a04f0c,i80,cfs_wwc_flat_v2 scheduling policy,512,49.13
1389,1389,kbuild 4.19,4.19.0-ipanema-g8cd6f0a04f0c,i80,cfs_wwc_flat_v2 scheduling policy,128,47.39
1390,1390,kbuild 4.19,4.19.0-ipanema-g8cd6f0a04f0c,i80,cfs_wwc_flat_v2 scheduling policy,512,49.52
1391,1391,kbuild 4.19,4.19.0-ipanema-g8cd6f0a04f0c,i80,cfs_wwc_flat_v2 scheduling policy,512,49.37
1392,1392,kbuild 4.19,4.19.0-ipanema-g8cd6f0a04f0c,i80,cfs_wwc_flat_v2 scheduling policy,32,58.76
1393,1393,kbuild 4.19,4.19.0-ipanema-g8cd6f0a04f0c,i80,cfs_wwc_flat_v2 scheduling policy,128,47.55
1394,1394,kbuild 4.19,4.19.0-ipanema-g8cd6f0a04f0c,i80,cfs_wwc_flat_v2 scheduling policy,256,48.87
1395,1395,kbuild 4.19,4.19.0-ipanema-g8cd6f0a04f0c,i80,cfs_wwc_flat_v2 scheduling policy,64,49.05
1396,1396,kbuild 4.19,4.19.0-ipanema-g8cd6f0a04f0c,i80,cfs_wwc_flat_v2 scheduling policy,128,48.01
1397,1397,kbuild 4.19,4.19.0-ipanema-g8cd6f0a04f0c,i80,cfs_wwc_flat_v2 scheduling policy,64,49.22
1398,1398,kbuild 4.19,4.19.0-ipanema-g8cd6f0a04f0c,i80,cfs_wwc_flat_v2 scheduling policy,64,48.18
1399,1399,kbuild 4.19,4.19.0-ipanema-g8cd6f0a04f0c,i80,cfs_wwc_flat_v2 scheduling policy,32,58.02
1400,1400,kbuild 4.19,4.19.0-ipanema-g8cd6f0a04f0c,i80,cfs_wwc_flat_v2 scheduling policy,64,48.7
1401,1401,kbuild 4.19,4.19.0-ipanema-g8cd6f0a04f0c,i80,cfs_wwc_flat_v2 scheduling policy,512,48.94
1402,1402,kbuild 4.19,4.19.0-ipanema-g8cd6f0a04f0c,i80,cfs_wwc_flat_v2 scheduling policy,512,49.6
1403,1403,kbuild 4.19,4.19.0-ipanema-g8cd6f0a04f0c,i80,cfs_wwc_flat_v2 scheduling policy,128,48.25
1404,1404,kbuild 4.19,4.19.0-ipanema-g8cd6f0a04f0c,i80,cfs_wwc_flat_v2 scheduling policy,64,48.15
1405,1405,kbuild 4.19,4.19.0-ipanema-g8cd6f0a04f0c,i80,cfs_wwc_flat_v2 scheduling policy,256,49.48
1406,1406,kbuild 4.19,4.19.0-ipanema-g8cd6f0a04f0c,i80,cfs_wwc_flat_v2 scheduling policy,128,47.7
1407,1407,kbuild 4.19,4.19.0-ipanema-g8cd6f0a04f0c,i80,cfs_wwc_flat_v2 scheduling policy,64,49.41
1408,1408,kbuild 4.19,4.19.0-ipanema-g8cd6f0a04f0c,i80,cfs_wwc_flat_v2 scheduling policy,128,47.37
1409,1409,kbuild 4.19,4.19.0-ipanema-g8cd6f0a04f0c,i80,cfs_wwc_flat_v2 scheduling policy,512,49.51
1410,1410,kbuild 4.19,4.19.0-ipanema-g8cd6f0a04f0c,i80,cfs_wwc_flat_v2 scheduling policy,64,49.39
1411,1411,kbuild 4.19,4.19.0-ipanema-g8cd6f0a04f0c,i80,cfs_wwc_flat_v2 scheduling policy,64,51.14
1412,1412,kbuild 4.19,4.19.0-ipanema-g8cd6f0a04f0c,i80,cfs_wwc_flat_v2 scheduling policy,128,46.14
1413,1413,kbuild 4.19,4.19.0-ipanema-g8cd6f0a04f0c,i80,cfs_wwc_flat_v2 scheduling policy,256,49.73
1414,1414,kbuild 4.19,4.19.0-ipanema-g8cd6f0a04f0c,i80,cfs_wwc_flat_v2 scheduling policy,512,48.67
1415,1415,kbuild 4.19,4.19.0-ipanema-g8cd6f0a04f0c,i80,cfs_wwc_flat_v2 scheduling policy,32,58.45
1416,1416,kbuild 4.19,4.19.0-ipanema-g8cd6f0a04f0c,i80,cfs_wwc_flat_v2 scheduling policy,256,49.85
1417,1417,kbuild 4.19,4.19.0-ipanema-g8cd6f0a04f0c,i80,cfs_wwc_flat_v2 scheduling policy,64,49.37
1418,1418,kbuild 4.19,4.19.0-ipanema-g8cd6f0a04f0c,i80,cfs_wwc_flat_v2 scheduling policy,512,48.62
1419,1419,kbuild 4.19,4.19.0-ipanema-g8cd6f0a04f0c,i80,cfs_wwc_flat_v2 scheduling policy,64,49.24
1420,1420,kbuild 4.19,4.19.0-ipanema-g8cd6f0a04f0c,i80,cfs_wwc_flat_v2 scheduling policy,64,49.47
1421,1421,kbuild 4.19,4.19.0-ipanema-g8cd6f0a04f0c,i80,cfs_wwc_flat_v2 scheduling policy,512,48.7
1422,1422,kbuild 4.19,4.19.0-ipanema-g8cd6f0a04f0c,i80,cfs_wwc_flat_v2 scheduling policy,256,48.77
1423,1423,kbuild 4.19,4.19.0-ipanema-g8cd6f0a04f0c,i80,cfs_wwc_flat_v2 scheduling policy,64,47.94
1424,1424,kbuild 4.19,4.19.0-ipanema-g8cd6f0a04f0c,i80,cfs_wwc_flat_v2 scheduling policy,512,48.87
1425,1425,kbuild 4.19,4.19.0-ipanema-g8cd6f0a04f0c,i80,cfs_wwc_flat_v2 scheduling policy,64,48.78
1426,1426,kbuild 4.19,4.19.0-ipanema-g8cd6f0a04f0c,i80,cfs_wwc_flat_v2 scheduling policy,64,48.93
1427,1427,kbuild 4.19,4.19.0-ipanema-g8cd6f0a04f0c,i80,cfs_wwc_flat_v2 scheduling policy,32,59.54
1428,1428,kbuild 4.19,4.19.0-ipanema-g8cd6f0a04f0c,i80,cfs_wwc_flat_v2 scheduling policy,128,47.36
1429,1429,kbuild 4.19,4.19.0-ipanema-g8cd6f0a04f0c,i80,cfs_wwc_flat_v2 scheduling policy,128,47.03
1430,1430,kbuild 4.19,4.19.0-ipanema-g8cd6f0a04f0c,i80,cfs_wwc_flat_v2 scheduling policy,128,47.55
1431,1431,kbuild 4.19,4.19.0-ipanema-g8cd6f0a04f0c,i80,cfs_wwc_flat_v2 scheduling policy,128,47.06
1432,1432,kbuild 4.19,4.19.0-ipanema-g8cd6f0a04f0c,i80,cfs_wwc_flat_v2 scheduling policy,512,48.97
1433,1433,kbuild 4.19,4.19.0-ipanema-g8cd6f0a04f0c,i80,cfs_wwc_flat_v2 scheduling policy,256,49.41
1434,1434,kbuild 4.19,4.19.0-ipanema-g8cd6f0a04f0c,i80,cfs_wwc_flat_v2 scheduling policy,128,47.67
1435,1435,kbuild 4.19,4.19.0-ipanema-g8cd6f0a04f0c,i80,cfs_wwc_flat_v2 scheduling policy,128,47.67
1436,1436,kbuild 4.19,4.19.0-ipanema-g8cd6f0a04f0c,i80,cfs_wwc_flat_v2 scheduling policy,256,48.75
1437,1437,kbuild 4.19,4.19.0-ipanema-g8cd6f0a04f0c,i80,cfs_wwc_flat_v2 scheduling policy,128,47.71
1438,1438,kbuild 4.19,4.19.0-ipanema-g8cd6f0a04f0c,i80,cfs_wwc_flat_v2 scheduling policy,64,49.75
1439,1439,kbuild 4.19,4.19.0-ipanema-g8cd6f0a04f0c,i80,cfs_wwc_flat_v2 scheduling policy,256,48.78
1440,1440,kbuild 4.19,4.19.0-ipanema-g8cd6f0a04f0c,i80,cfs_wwc_flat_v2 scheduling policy,128,47.68
1441,1441,kbuild 4.19,4.19.0-ipanema-g8cd6f0a04f0c,i80,cfs_wwc_flat_v2 scheduling policy,256,48.55
1442,1442,kbuild 4.19,4.19.0-ipanema-g8cd6f0a04f0c,i80,cfs_wwc_flat_v2 scheduling policy,32,59.85
1443,1443,kbuild 4.19,4.19.0-ipanema-g8cd6f0a04f0c,i80,cfs_wwc_flat_v2 scheduling policy,128,47.27
1444,1444,kbuild 4.19,4.19.0-ipanema-g8cd6f0a04f0c,i80,cfs_wwc_flat_v2 scheduling policy,256,48.21
1445,1445,kbuild 4.19,4.19.0-ipanema-g8cd6f0a04f0c,i80,cfs_wwc_flat_v2 scheduling policy,256,48.77
1446,1446,kbuild 4.19,4.19.0-ipanema-g8cd6f0a04f0c,i80,cfs_wwc_flat_v2 scheduling policy,128,46.82
1447,1447,kbuild 4.19,4.19.0-ipanema-g8cd6f0a04f0c,i80,cfs_wwc_flat_v2 scheduling policy,32,59.39
1448,1448,kbuild 4.19,4.19.0-ipanema-g8cd6f0a04f0c,i80,cfs_wwc_flat_v2 scheduling policy,32,59.13
1449,1449,kbuild 4.19,4.19.0-ipanema-g8cd6f0a04f0c,i80,cfs_wwc_flat_v2 scheduling policy,256,49.06
1450,1450,kbuild 4.19,4.19.0-ipanema-g8cd6f0a04f0c,i80,cfs_wwc_flat_v2 scheduling policy,512,49.52
1451,1451,kbuild 4.19,4.19.0-ipanema-g8cd6f0a04f0c,i80,cfs_wwc_flat_v2 scheduling policy,512,48.93
1452,1452,kbuild 4.19,4.19.0-ipanema-g8cd6f0a04f0c,i80,cfs_wwc_flat_v2 scheduling policy,64,48.3
1453,1453,kbuild 4.19,4.19.0-ipanema-g8cd6f0a04f0c,i80,cfs_wwc_flat_v2 scheduling policy,64,48.15
1454,1454,kbuild 4.19,4.19.0-ipanema-g8cd6f0a04f0c,i80,cfs_wwc_flat_v2 scheduling policy,64,49.84
1455,1455,kbuild 4.19,4.19.0-ipanema-g8cd6f0a04f0c,i80,cfs_wwc_flat_v2 scheduling policy,64,49.02
1456,1456,kbuild 4.19,4.19.0-ipanema-g8cd6f0a04f0c,i80,cfs_wwc_flat_v2 scheduling policy,32,60.45
1457,1457,kbuild 4.19,4.19.0-ipanema-g8cd6f0a04f0c,i80,cfs_wwc_flat_v2 scheduling policy,64,49.73
1458,1458,kbuild 4.19,4.19.0-ipanema-g8cd6f0a04f0c,i80,cfs_wwc_flat_v2 scheduling policy,32,60.55
1459,1459,kbuild 4.19,4.19.0-ipanema-g8cd6f0a04f0c,i80,cfs_wwc_flat_v2 scheduling policy,512,48.99
1460,1460,kbuild 4.19,4.19.0-ipanema-g8cd6f0a04f0c,i80,cfs_wwc_flat_v2 scheduling policy,512,48.51
1461,1461,kbuild 4.19,4.19.0-ipanema-g8cd6f0a04f0c,i80,cfs_wwc_flat_v2 scheduling policy,128,47.31
1462,1462,kbuild 4.19,4.19.0-ipanema-g8cd6f0a04f0c,i80,cfs_wwc_flat_v2 scheduling policy,512,49.14
1463,1463,kbuild 4.19,4.19.0-ipanema-g8cd6f0a04f0c,i80,cfs_wwc_flat_v2 scheduling policy,64,50.08
1464,1464,kbuild 4.19,4.19.0-ipanema-g8cd6f0a04f0c,i80,cfs_wwc_flat_v2 scheduling policy,32,58.61
1465,1465,kbuild 4.19,4.19.0-ipanema-g8cd6f0a04f0c,i80,cfs_wwc_flat_v2 scheduling policy,512,48.64
1466,1466,kbuild 4.19,4.19.0-ipanema-g8cd6f0a04f0c,i80,cfs_wwc_flat_v2 scheduling policy,64,49.93
1467,1467,kbuild 4.19,4.19.0-ipanema-g8cd6f0a04f0c,i80,cfs_wwc_flat_v2 scheduling policy,128,47.3
1468,1468,kbuild 4.19,4.19.0-ipanema-g8cd6f0a04f0c,i80,cfs_wwc_flat_v2 scheduling policy,512,48.73
1469,1469,kbuild 4.19,4.19.0-ipanema-g8cd6f0a04f0c,i80,cfs_wwc_flat_v2 scheduling policy,256,49.44
1470,1470,kbuild 4.19,4.19.0-ipanema-g8cd6f0a04f0c,i80,cfs_wwc_flat_v2 scheduling policy,32,59.67
1471,1471,kbuild 4.19,4.19.0-ipanema-g8cd6f0a04f0c,i80,cfs_wwc_flat_v2 scheduling policy,128,47.92
1472,1472,kbuild 4.19,4.19.0-ipanema-g8cd6f0a04f0c,i80,cfs_wwc_flat_v2 scheduling policy,512,48.93
1473,1473,kbuild 4.19,4.19.0-ipanema-g8cd6f0a04f0c,i80,cfs_wwc_flat_v2 scheduling policy,64,49.97
1474,1474,kbuild 4.19,4.19.0-ipanema-g8cd6f0a04f0c,i80,cfs_wwc_flat_v2 scheduling policy,256,48.57
1475,1475,kbuild 4.19,4.19.0-ipanema-g8cd6f0a04f0c,i80,cfs_wwc_flat_v2 scheduling policy,128,47.06
1476,1476,kbuild 4.19,4.19.0-ipanema-g8cd6f0a04f0c,i80,cfs_wwc_flat_v2 scheduling policy,32,57.82
1477,1477,kbuild 4.19,4.19.0-ipanema-g8cd6f0a04f0c,i80,cfs_wwc_flat_v2 scheduling policy,32,58.27
1478,1478,kbuild 4.19,4.19.0-ipanema-g8cd6f0a04f0c,i80,cfs_wwc_flat_v2 scheduling policy,256,49.21
1479,1479,kbuild 4.19,4.19.0-ipanema-g8cd6f0a04f0c,i80,cfs_wwc_flat_v2 scheduling policy,256,48.5
1480,1480,kbuild 4.19,4.19.0-ipanema-g8cd6f0a04f0c,i80,cfs_wwc_flat_v2 scheduling policy,512,48.23
1481,1481,kbuild 4.19,4.19.0-ipanema-g8cd6f0a04f0c,i80,cfs_wwc_flat_v2 scheduling policy,512,48.49
1482,1482,kbuild 4.19,4.19.0-ipanema-g8cd6f0a04f0c,i80,cfs_wwc_flat_v2 scheduling policy,32,58.08
1483,1483,kbuild 4.19,4.19.0-ipanema-g8cd6f0a04f0c,i80,cfs_wwc_flat_v2 scheduling policy,128,47.09
1484,1484,kbuild 4.19,4.19.0-ipanema-g8cd6f0a04f0c,i80,cfs_wwc_flat_v2 scheduling policy,128,46.96
1485,1485,kbuild 4.19,4.19.0-ipanema-g8cd6f0a04f0c,i80,cfs_wwc_flat_v2 scheduling policy,512,49.02
1486,1486,kbuild 4.19,4.19.0-ipanema-g8cd6f0a04f0c,i80,cfs_wwc_flat_v2 scheduling policy,64,48.91
1487,1487,kbuild 4.19,4.19.0-ipanema-g8cd6f0a04f0c,i80,cfs_wwc_flat_v2 scheduling policy,128,46.59
1488,1488,kbuild 4.19,4.19.0-ipanema-g8cd6f0a04f0c,i80,cfs_wwc_flat_v2 scheduling policy,512,48.67
1489,1489,kbuild 4.19,4.19.0-ipanema-g8cd6f0a04f0c,i80,cfs_wwc_flat_v2 scheduling policy,256,48.99
1490,1490,kbuild 4.19,4.19.0-ipanema-g8cd6f0a04f0c,i80,cfs_wwc_flat_v2 scheduling policy,256,48.01
1491,1491,kbuild 4.19,4.19.0-ipanema-g8cd6f0a04f0c,i80,cfs_wwc_flat_v2 scheduling policy,64,49.6
1492,1492,kbuild 4.19,4.19.0-ipanema-g8cd6f0a04f0c,i80,cfs_wwc_flat_v2 scheduling policy,256,48.94
1493,1493,kbuild 4.19,4.19.0-ipanema-g8cd6f0a04f0c,i80,ule scheduling policy,32,58.17
1494,1494,kbuild 4.19,4.19.0-ipanema-g8cd6f0a04f0c,i80,ule scheduling policy,32,58.02
1495,1495,kbuild 4.19,4.19.0-ipanema-g8cd6f0a04f0c,i80,ule scheduling policy,32,57.8
1496,1496,kbuild 4.19,4.19.0-ipanema-g8cd6f0a04f0c,i80,ule scheduling policy,32,57.61
1497,1497,kbuild 4.19,4.19.0-ipanema-g8cd6f0a04f0c,i80,ule scheduling policy,512,47.71
1498,1498,kbuild 4.19,4.19.0-ipanema-g8cd6f0a04f0c,i80,ule scheduling policy,256,48.78
1499,1499,kbuild 4.19,4.19.0-ipanema-g8cd6f0a04f0c,i80,ule scheduling policy,32,57.68
1500,1500,kbuild 4.19,4.19.0-ipanema-g8cd6f0a04f0c,i80,ule scheduling policy,64,50.49
1501,1501,kbuild 4.19,4.19.0-ipanema-g8cd6f0a04f0c,i80,ule scheduling policy,128,46.05
1502,1502,kbuild 4.19,4.19.0-ipanema-g8cd6f0a04f0c,i80,ule scheduling policy,32,58.41
1503,1503,kbuild 4.19,4.19.0-ipanema-g8cd6f0a04f0c,i80,ule scheduling policy,128,46.31
1504,1504,kbuild 4.19,4.19.0-ipanema-g8cd6f0a04f0c,i80,ule scheduling policy,64,51.17
1505,1505,kbuild 4.19,4.19.0-ipanema-g8cd6f0a04f0c,i80,ule scheduling policy,512,47.99
1506,1506,kbuild 4.19,4.19.0-ipanema-g8cd6f0a04f0c,i80,ule scheduling policy,32,57.62
1507,1507,kbuild 4.19,4.19.0-ipanema-g8cd6f0a04f0c,i80,ule scheduling policy,512,47.35
1508,1508,kbuild 4.19,4.19.0-ipanema-g8cd6f0a04f0c,i80,ule scheduling policy,512,47.45
1509,1509,kbuild 4.19,4.19.0-ipanema-g8cd6f0a04f0c,i80,ule scheduling policy,256,47.75
1510,1510,kbuild 4.19,4.19.0-ipanema-g8cd6f0a04f0c,i80,ule scheduling policy,32,58.64
1511,1511,kbuild 4.19,4.19.0-ipanema-g8cd6f0a04f0c,i80,ule scheduling policy,512,47.68
1512,1512,kbuild 4.19,4.19.0-ipanema-g8cd6f0a04f0c,i80,ule scheduling policy,128,47.03
1513,1513,kbuild 4.19,4.19.0-ipanema-g8cd6f0a04f0c,i80,ule scheduling policy,32,59.07
1514,1514,kbuild 4.19,4.19.0-ipanema-g8cd6f0a04f0c,i80,ule scheduling policy,64,49.39
1515,1515,kbuild 4.19,4.19.0-ipanema-g8cd6f0a04f0c,i80,ule scheduling policy,256,47.38
1516,1516,kbuild 4.19,4.19.0-ipanema-g8cd6f0a04f0c,i80,ule scheduling policy,32,58.2
1517,1517,kbuild 4.19,4.19.0-ipanema-g8cd6f0a04f0c,i80,ule scheduling policy,256,47.25
1518,1518,kbuild 4.19,4.19.0-ipanema-g8cd6f0a04f0c,i80,ule scheduling policy,64,49.96
1519,1519,kbuild 4.19,4.19.0-ipanema-g8cd6f0a04f0c,i80,ule scheduling policy,512,46.96
1520,1520,kbuild 4.19,4.19.0-ipanema-g8cd6f0a04f0c,i80,ule scheduling policy,512,47.71
1521,1521,kbuild 4.19,4.19.0-ipanema-g8cd6f0a04f0c,i80,ule scheduling policy,256,47.79
1522,1522,kbuild 4.19,4.19.0-ipanema-g8cd6f0a04f0c,i80,ule scheduling policy,512,47.11
1523,1523,kbuild 4.19,4.19.0-ipanema-g8cd6f0a04f0c,i80,ule scheduling policy,64,49.84
1524,1524,kbuild 4.19,4.19.0-ipanema-g8cd6f0a04f0c,i80,ule scheduling policy,64,51.14
1525,1525,kbuild 4.19,4.19.0-ipanema-g8cd6f0a04f0c,i80,ule scheduling policy,128,46.95
1526,1526,kbuild 4.19,4.19.0-ipanema-g8cd6f0a04f0c,i80,ule scheduling policy,512,48.2
1527,1527,kbuild 4.19,4.19.0-ipanema-g8cd6f0a04f0c,i80,ule scheduling policy,32,67.38
1528,1528,kbuild 4.19,4.19.0-ipanema-g8cd6f0a04f0c,i80,ule scheduling policy,256,47.64
1529,1529,kbuild 4.19,4.19.0-ipanema-g8cd6f0a04f0c,i80,ule scheduling policy,256,47.26
1530,1530,kbuild 4.19,4.19.0-ipanema-g8cd6f0a04f0c,i80,ule scheduling policy,256,47.99
1531,1531,kbuild 4.19,4.19.0-ipanema-g8cd6f0a04f0c,i80,ule scheduling policy,64,50.58
1532,1532,kbuild 4.19,4.19.0-ipanema-g8cd6f0a04f0c,i80,ule scheduling policy,64,50.69
1533,1533,kbuild 4.19,4.19.0-ipanema-g8cd6f0a04f0c,i80,ule scheduling policy,32,57.43
1534,1534,kbuild 4.19,4.19.0-ipanema-g8cd6f0a04f0c,i80,ule scheduling policy,512,48.4
1535,1535,kbuild 4.19,4.19.0-ipanema-g8cd6f0a04f0c,i80,ule scheduling policy,64,49.54
1536,1536,kbuild 4.19,4.19.0-ipanema-g8cd6f0a04f0c,i80,ule scheduling policy,256,47.32
1537,1537,kbuild 4.19,4.19.0-ipanema-g8cd6f0a04f0c,i80,ule scheduling policy,256,47.77
1538,1538,kbuild 4.19,4.19.0-ipanema-g8cd6f0a04f0c,i80,ule scheduling policy,512,48.7
1539,1539,kbuild 4.19,4.19.0-ipanema-g8cd6f0a04f0c,i80,ule scheduling policy,64,49.19
1540,1540,kbuild 4.19,4.19.0-ipanema-g8cd6f0a04f0c,i80,ule scheduling policy,512,47.42
1541,1541,kbuild 4.19,4.19.0-ipanema-g8cd6f0a04f0c,i80,ule scheduling policy,512,47.48
1542,1542,kbuild 4.19,4.19.0-ipanema-g8cd6f0a04f0c,i80,ule scheduling policy,32,57.41
1543,1543,kbuild 4.19,4.19.0-ipanema-g8cd6f0a04f0c,i80,ule scheduling policy,32,57.24
1544,1544,kbuild 4.19,4.19.0-ipanema-g8cd6f0a04f0c,i80,ule scheduling policy,128,46.47
1545,1545,kbuild 4.19,4.19.0-ipanema-g8cd6f0a04f0c,i80,ule scheduling policy,64,50.85
1546,1546,kbuild 4.19,4.19.0-ipanema-g8cd6f0a04f0c,i80,ule scheduling policy,256,47.3
1547,1547,kbuild 4.19,4.19.0-ipanema-g8cd6f0a04f0c,i80,ule scheduling policy,256,48.29
1548,1548,kbuild 4.19,4.19.0-ipanema-g8cd6f0a04f0c,i80,ule scheduling policy,64,51.49
1549,1549,kbuild 4.19,4.19.0-ipanema-g8cd6f0a04f0c,i80,ule scheduling policy,128,46.17
1550,1550,kbuild 4.19,4.19.0-ipanema-g8cd6f0a04f0c,i80,ule scheduling policy,64,51.34
1551,1551,kbuild 4.19,4.19.0-ipanema-g8cd6f0a04f0c,i80,ule scheduling policy,128,46.8
1552,1552,kbuild 4.19,4.19.0-ipanema-g8cd6f0a04f0c,i80,ule scheduling policy,32,58.4
1553,1553,kbuild 4.19,4.19.0-ipanema-g8cd6f0a04f0c,i80,ule scheduling policy,256,47.36
1554,1554,kbuild 4.19,4.19.0-ipanema-g8cd6f0a04f0c,i80,ule scheduling policy,32,58.16
1555,1555,kbuild 4.19,4.19.0-ipanema-g8cd6f0a04f0c,i80,ule scheduling policy,512,47.67
1556,1556,kbuild 4.19,4.19.0-ipanema-g8cd6f0a04f0c,i80,ule scheduling policy,128,45.46
1557,1557,kbuild 4.19,4.19.0-ipanema-g8cd6f0a04f0c,i80,ule scheduling policy,256,47.99
1558,1558,kbuild 4.19,4.19.0-ipanema-g8cd6f0a04f0c,i80,ule scheduling policy,512,47.45
1559,1559,kbuild 4.19,4.19.0-ipanema-g8cd6f0a04f0c,i80,ule scheduling policy,256,47.2
1560,1560,kbuild 4.19,4.19.0-ipanema-g8cd6f0a04f0c,i80,ule scheduling policy,128,46.5
1561,1561,kbuild 4.19,4.19.0-ipanema-g8cd6f0a04f0c,i80,ule scheduling policy,64,51.36
1562,1562,kbuild 4.19,4.19.0-ipanema-g8cd6f0a04f0c,i80,ule scheduling policy,64,49.93
1563,1563,kbuild 4.19,4.19.0-ipanema-g8cd6f0a04f0c,i80,ule scheduling policy,32,59.56
1564,1564,kbuild 4.19,4.19.0-ipanema-g8cd6f0a04f0c,i80,ule scheduling policy,64,51.9
1565,1565,kbuild 4.19,4.19.0-ipanema-g8cd6f0a04f0c,i80,ule scheduling policy,128,46.96
1566,1566,kbuild 4.19,4.19.0-ipanema-g8cd6f0a04f0c,i80,ule scheduling policy,512,48.62
1567,1567,kbuild 4.19,4.19.0-ipanema-g8cd6f0a04f0c,i80,ule scheduling policy,64,50.38
1568,1568,kbuild 4.19,4.19.0-ipanema-g8cd6f0a04f0c,i80,ule scheduling policy,128,46.86
1569,1569,kbuild 4.19,4.19.0-ipanema-g8cd6f0a04f0c,i80,ule scheduling policy,512,46.74
1570,1570,kbuild 4.19,4.19.0-ipanema-g8cd6f0a04f0c,i80,ule scheduling policy,128,45.75
1571,1571,kbuild 4.19,4.19.0-ipanema-g8cd6f0a04f0c,i80,ule scheduling policy,128,46.87
1572,1572,kbuild 4.19,4.19.0-ipanema-g8cd6f0a04f0c,i80,ule scheduling policy,512,47.19
1573,1573,kbuild 4.19,4.19.0-ipanema-g8cd6f0a04f0c,i80,ule scheduling policy,256,47.89
1574,1574,kbuild 4.19,4.19.0-ipanema-g8cd6f0a04f0c,i80,ule scheduling policy,32,58.34
1575,1575,kbuild 4.19,4.19.0-ipanema-g8cd6f0a04f0c,i80,ule scheduling policy,512,47.82
1576,1576,kbuild 4.19,4.19.0-ipanema-g8cd6f0a04f0c,i80,ule scheduling policy,32,58.55
1577,1577,kbuild 4.19,4.19.0-ipanema-g8cd6f0a04f0c,i80,ule scheduling policy,128,46.72
1578,1578,kbuild 4.19,4.19.0-ipanema-g8cd6f0a04f0c,i80,ule scheduling policy,128,46.64
1579,1579,kbuild 4.19,4.19.0-ipanema-g8cd6f0a04f0c,i80,ule scheduling policy,512,48.09
1580,1580,kbuild 4.19,4.19.0-ipanema-g8cd6f0a04f0c,i80,ule scheduling policy,64,49.25
1581,1581,kbuild 4.19,4.19.0-ipanema-g8cd6f0a04f0c,i80,ule scheduling policy,32,57.52
1582,1582,kbuild 4.19,4.19.0-ipanema-g8cd6f0a04f0c,i80,ule scheduling policy,512,47.26
1583,1583,kbuild 4.19,4.19.0-ipanema-g8cd6f0a04f0c,i80,ule scheduling policy,512,47.86
1584,1584,kbuild 4.19,4.19.0-ipanema-g8cd6f0a04f0c,i80,ule scheduling policy,64,49.14
1585,1585,kbuild 4.19,4.19.0-ipanema-g8cd6f0a04f0c,i80,ule scheduling policy,512,47.65
1586,1586,kbuild 4.19,4.19.0-ipanema-g8cd6f0a04f0c,i80,ule scheduling policy,512,47.28
1587,1587,kbuild 4.19,4.19.0-ipanema-g8cd6f0a04f0c,i80,ule scheduling policy,256,47.93
1588,1588,kbuild 4.19,4.19.0-ipanema-g8cd6f0a04f0c,i80,ule scheduling policy,512,47.27
1589,1589,kbuild 4.19,4.19.0-ipanema-g8cd6f0a04f0c,i80,ule scheduling policy,64,50.79
1590,1590,kbuild 4.19,4.19.0-ipanema-g8cd6f0a04f0c,i80,ule scheduling policy,256,48.24
1591,1591,kbuild 4.19,4.19.0-ipanema-g8cd6f0a04f0c,i80,ule scheduling policy,128,47.07
1592,1592,kbuild 4.19,4.19.0-ipanema-g8cd6f0a04f0c,i80,ule scheduling policy,32,57.49
1593,1593,kbuild 4.19,4.19.0-ipanema-g8cd6f0a04f0c,i80,ule scheduling policy,512,47.73
1594,1594,kbuild 4.19,4.19.0-ipanema-g8cd6f0a04f0c,i80,ule scheduling policy,128,47.03
1595,1595,kbuild 4.19,4.19.0-ipanema-g8cd6f0a04f0c,i80,ule scheduling policy,64,50.9
1596,1596,kbuild 4.19,4.19.0-ipanema-g8cd6f0a04f0c,i80,ule scheduling policy,64,49.94
1597,1597,kbuild 4.19,4.19.0-ipanema-g8cd6f0a04f0c,i80,ule scheduling policy,32,59.41
1598,1598,kbuild 4.19,4.19.0-ipanema-g8cd6f0a04f0c,i80,ule scheduling policy,128,47.07
1599,1599,kbuild 4.19,4.19.0-ipanema-g8cd6f0a04f0c,i80,ule scheduling policy,64,50.8
1600,1600,kbuild 4.19,4.19.0-ipanema-g8cd6f0a04f0c,i80,ule scheduling policy,64,50.93
1601,1601,kbuild 4.19,4.19.0-ipanema-g8cd6f0a04f0c,i80,ule scheduling policy,128,47.18
1602,1602,kbuild 4.19,4.19.0-ipanema-g8cd6f0a04f0c,i80,ule scheduling policy,64,49.87
1603,1603,kbuild 4.19,4.19.0-ipanema-g8cd6f0a04f0c,i80,ule scheduling policy,128,46.16
1604,1604,kbuild 4.19,4.19.0-ipanema-g8cd6f0a04f0c,i80,ule scheduling policy,128,46.92
1605,1605,kbuild 4.19,4.19.0-ipanema-g8cd6f0a04f0c,i80,ule scheduling policy,64,50.94
1606,1606,kbuild 4.19,4.19.0-ipanema-g8cd6f0a04f0c,i80,ule scheduling policy,512,47.77
1607,1607,kbuild 4.19,4.19.0-ipanema-g8cd6f0a04f0c,i80,ule scheduling policy,128,46.0
1608,1608,kbuild 4.19,4.19.0-ipanema-g8cd6f0a04f0c,i80,ule scheduling policy,512,47.06
1609,1609,kbuild 4.19,4.19.0-ipanema-g8cd6f0a04f0c,i80,ule scheduling policy,32,58.89
1610,1610,kbuild 4.19,4.19.0-ipanema-g8cd6f0a04f0c,i80,ule scheduling policy,64,49.39
1611,1611,kbuild 4.19,4.19.0-ipanema-g8cd6f0a04f0c,i80,ule scheduling policy,256,47.21
1612,1612,kbuild 4.19,4.19.0-ipanema-g8cd6f0a04f0c,i80,ule scheduling policy,128,46.52
1613,1613,kbuild 4.19,4.19.0-ipanema-g8cd6f0a04f0c,i80,ule scheduling policy,64,51.48
1614,1614,kbuild 4.19,4.19.0-ipanema-g8cd6f0a04f0c,i80,ule scheduling policy,64,51.76
1615,1615,kbuild 4.19,4.19.0-ipanema-g8cd6f0a04f0c,i80,ule scheduling policy,256,47.42
1616,1616,kbuild 4.19,4.19.0-ipanema-g8cd6f0a04f0c,i80,ule scheduling policy,256,47.21
1617,1617,kbuild 4.19,4.19.0-ipanema-g8cd6f0a04f0c,i80,ule scheduling policy,32,56.84
1618,1618,kbuild 4.19,4.19.0-ipanema-g8cd6f0a04f0c,i80,ule scheduling policy,128,45.83
1619,1619,kbuild 4.19,4.19.0-ipanema-g8cd6f0a04f0c,i80,ule scheduling policy,256,47.18
1620,1620,kbuild 4.19,4.19.0-ipanema-g8cd6f0a04f0c,i80,ule scheduling policy,512,47.54
1621,1621,kbuild 4.19,4.19.0-ipanema-g8cd6f0a04f0c,i80,ule scheduling policy,32,58.78
1622,1622,kbuild 4.19,4.19.0-ipanema-g8cd6f0a04f0c,i80,ule scheduling policy,128,46.96
1623,1623,kbuild 4.19,4.19.0-ipanema-g8cd6f0a04f0c,i80,ule scheduling policy,256,47.25
1624,1624,kbuild 4.19,4.19.0-ipanema-g8cd6f0a04f0c,i80,ule scheduling policy,32,57.73
1625,1625,kbuild 4.19,4.19.0-ipanema-g8cd6f0a04f0c,i80,ule scheduling policy,64,49.45
1626,1626,kbuild 4.19,4.19.0-ipanema-g8cd6f0a04f0c,i80,ule scheduling policy,512,47.23
1627,1627,kbuild 4.19,4.19.0-ipanema-g8cd6f0a04f0c,i80,ule scheduling policy,256,47.24
1628,1628,kbuild 4.19,4.19.0-ipanema-g8cd6f0a04f0c,i80,ule scheduling policy,64,50.88
1629,1629,kbuild 4.19,4.19.0-ipanema-g8cd6f0a04f0c,i80,ule scheduling policy,256,47.11
1630,1630,kbuild 4.19,4.19.0-ipanema-g8cd6f0a04f0c,i80,ule scheduling policy,256,47.99
1631,1631,kbuild 4.19,4.19.0-ipanema-g8cd6f0a04f0c,i80,ule scheduling policy,512,47.36
1632,1632,kbuild 4.19,4.19.0-ipanema-g8cd6f0a04f0c,i80,ule scheduling policy,256,47.87
1633,1633,kbuild 4.19,4.19.0-ipanema-g8cd6f0a04f0c,i80,ule scheduling policy,512,46.63
1634,1634,kbuild 4.19,4.19.0-ipanema-g8cd6f0a04f0c,i80,ule scheduling policy,128,46.54
1635,1635,kbuild 4.19,4.19.0-ipanema-g8cd6f0a04f0c,i80,ule scheduling policy,128,46.78
1636,1636,kbuild 4.19,4.19.0-ipanema-g8cd6f0a04f0c,i80,ule scheduling policy,128,45.8
1637,1637,kbuild 4.19,4.19.0-ipanema-g8cd6f0a04f0c,i80,ule scheduling policy,64,51.66
1638,1638,kbuild 4.19,4.19.0-ipanema-g8cd6f0a04f0c,i80,ule scheduling policy,32,57.76
1639,1639,kbuild 4.19,4.19.0-ipanema-g8cd6f0a04f0c,i80,ule scheduling policy,512,47.35
1640,1640,kbuild 4.19,4.19.0-ipanema-g8cd6f0a04f0c,i80,ule scheduling policy,32,57.75
1641,1641,kbuild 4.19,4.19.0-ipanema-g8cd6f0a04f0c,i80,ule scheduling policy,128,47.44
1642,1642,kbuild 4.19,4.19.0-ipanema-g8cd6f0a04f0c,i80,ule scheduling policy,128,46.8
1643,1643,kbuild 4.19,4.19.0-ipanema-g8cd6f0a04f0c,i80,ule scheduling policy,128,46.6
1644,1644,kbuild 4.19,4.19.0-ipanema-g8cd6f0a04f0c,i80,ule scheduling policy,128,45.5
1645,1645,kbuild 4.19,4.19.0-ipanema-g8cd6f0a04f0c,i80,ule scheduling policy,64,51.42
1646,1646,kbuild 4.19,4.19.0-ipanema-g8cd6f0a04f0c,i80,ule scheduling policy,64,51.03
1647,1647,kbuild 4.19,4.19.0-ipanema-g8cd6f0a04f0c,i80,ule scheduling policy,32,58.45
1648,1648,kbuild 4.19,4.19.0-ipanema-g8cd6f0a04f0c,i80,ule scheduling policy,256,47.47
1649,1649,kbuild 4.19,4.19.0-ipanema-g8cd6f0a04f0c,i80,ule scheduling policy,256,47.21
1650,1650,kbuild 4.19,4.19.0-ipanema-g8cd6f0a04f0c,i80,ule scheduling policy,512,47.05
1651,1651,kbuild 4.19,4.19.0-ipanema-g8cd6f0a04f0c,i80,ule scheduling policy,64,51.05
1652,1652,kbuild 4.19,4.19.0-ipanema-g8cd6f0a04f0c,i80,ule scheduling policy,32,58.13
1653,1653,kbuild 4.19,4.19.0-ipanema-g8cd6f0a04f0c,i80,ule scheduling policy,64,49.76
1654,1654,kbuild 4.19,4.19.0-ipanema-g8cd6f0a04f0c,i80,ule scheduling policy,128,46.49
1655,1655,kbuild 4.19,4.19.0-ipanema-g8cd6f0a04f0c,i80,ule scheduling policy,128,46.71
1656,1656,kbuild 4.19,4.19.0-ipanema-g8cd6f0a04f0c,i80,ule scheduling policy,64,51.41
1657,1657,kbuild 4.19,4.19.0-ipanema-g8cd6f0a04f0c,i80,ule scheduling policy,128,46.79
1658,1658,kbuild 4.19,4.19.0-ipanema-g8cd6f0a04f0c,i80,ule scheduling policy,64,50.84
1659,1659,kbuild 4.19,4.19.0-ipanema-g8cd6f0a04f0c,i80,ule scheduling policy,256,47.1
1660,1660,kbuild 4.19,4.19.0-ipanema-g8cd6f0a04f0c,i80,ule scheduling policy,32,57.38
1661,1661,kbuild 4.19,4.19.0-ipanema-g8cd6f0a04f0c,i80,ule scheduling policy,256,47.24
1662,1662,kbuild 4.19,4.19.0-ipanema-g8cd6f0a04f0c,i80,ule scheduling policy,256,47.59
1663,1663,kbuild 4.19,4.19.0-ipanema-g8cd6f0a04f0c,i80,ule scheduling policy,32,59.47
1664,1664,kbuild 4.19,4.19.0-ipanema-g8cd6f0a04f0c,i80,ule scheduling policy,32,57.33
1665,1665,kbuild 4.19,4.19.0-ipanema-g8cd6f0a04f0c,i80,ule scheduling policy,512,47.32
1666,1666,kbuild 4.19,4.19.0-ipanema-g8cd6f0a04f0c,i80,ule scheduling policy,512,47.93
1667,1667,kbuild 4.19,4.19.0-ipanema-g8cd6f0a04f0c,i80,ule scheduling policy,512,48.18
1668,1668,kbuild 4.19,4.19.0-ipanema-g8cd6f0a04f0c,i80,ule scheduling policy,64,50.79
1669,1669,kbuild 4.19,4.19.0-ipanema-g8cd6f0a04f0c,i80,ule scheduling policy,512,47.39
1670,1670,kbuild 4.19,4.19.0-ipanema-g8cd6f0a04f0c,i80,ule scheduling policy,128,46.09
1671,1671,kbuild 4.19,4.19.0-ipanema-g8cd6f0a04f0c,i80,ule scheduling policy,256,48.55
1672,1672,kbuild 4.19,4.19.0-ipanema-g8cd6f0a04f0c,i80,ule scheduling policy,512,47.4
1673,1673,kbuild 4.19,4.19.0-ipanema-g8cd6f0a04f0c,i80,ule scheduling policy,32,57.66
1674,1674,kbuild 4.19,4.19.0-ipanema-g8cd6f0a04f0c,i80,ule scheduling policy,256,47.36
1675,1675,kbuild 4.19,4.19.0-ipanema-g8cd6f0a04f0c,i80,ule scheduling policy,64,51.1
1676,1676,kbuild 4.19,4.19.0-ipanema-g8cd6f0a04f0c,i80,ule scheduling policy,128,45.66
1677,1677,kbuild 4.19,4.19.0-ipanema-g8cd6f0a04f0c,i80,ule scheduling policy,256,47.31
1678,1678,kbuild 4.19,4.19.0-ipanema-g8cd6f0a04f0c,i80,ule scheduling policy,32,58.02
1679,1679,kbuild 4.19,4.19.0-ipanema-g8cd6f0a04f0c,i80,ule scheduling policy,128,46.53
1680,1680,kbuild 4.19,4.19.0-ipanema-g8cd6f0a04f0c,i80,ule scheduling policy,32,57.12
1681,1681,kbuild 4.19,4.19.0-ipanema-g8cd6f0a04f0c,i80,ule scheduling policy,256,47.92
1682,1682,kbuild 4.19,4.19.0-ipanema-g8cd6f0a04f0c,i80,ule scheduling policy,512,47.78
1683,1683,kbuild 4.19,4.19.0-ipanema-g8cd6f0a04f0c,i80,ule scheduling policy,512,47.38
1684,1684,kbuild 4.19,4.19.0-ipanema-g8cd6f0a04f0c,i80,ule scheduling policy,32,57.83
1685,1685,kbuild 4.19,4.19.0-ipanema-g8cd6f0a04f0c,i80,ule scheduling policy,128,46.75
1686,1686,kbuild 4.19,4.19.0-ipanema-g8cd6f0a04f0c,i80,ule scheduling policy,256,47.78
1687,1687,kbuild 4.19,4.19.0-ipanema-g8cd6f0a04f0c,i80,ule scheduling policy,128,46.27
1688,1688,kbuild 4.19,4.19.0-ipanema-g8cd6f0a04f0c,i80,ule scheduling policy,32,57.91
1689,1689,kbuild 4.19,4.19.0-ipanema-g8cd6f0a04f0c,i80,ule scheduling policy,128,47.07
1690,1690,kbuild 4.19,4.19.0-ipanema-g8cd6f0a04f0c,i80,ule scheduling policy,128,46.94
1691,1691,kbuild 4.19,4.19.0-ipanema-g8cd6f0a04f0c,i80,ule scheduling policy,64,50.64
1692,1692,kbuild 4.19,4.19.0-ipanema-g8cd6f0a04f0c,i80,ule scheduling policy,512,47.34
1693,1693,kbuild 4.19,4.19.0-ipanema-g8cd6f0a04f0c,i80,ule scheduling policy,256,47.09
1694,1694,kbuild 4.19,4.19.0-ipanema-g8cd6f0a04f0c,i80,ule scheduling policy,256,47.98
1695,1695,kbuild 4.19,4.19.0-ipanema-g8cd6f0a04f0c,i80,ule scheduling policy,32,57.54
1696,1696,kbuild 4.19,4.19.0-ipanema-g8cd6f0a04f0c,i80,ule scheduling policy,512,47.85
1697,1697,kbuild 4.19,4.19.0-ipanema-g8cd6f0a04f0c,i80,ule scheduling policy,256,47.45
1698,1698,kbuild 4.19,4.19.0-ipanema-g8cd6f0a04f0c,i80,ule scheduling policy,128,46.77
1699,1699,kbuild 4.19,4.19.0-ipanema-g8cd6f0a04f0c,i80,ule scheduling policy,32,58.49
1700,1700,kbuild 4.19,4.19.0-ipanema-g8cd6f0a04f0c,i80,ule scheduling policy,128,46.54
1701,1701,kbuild 4.19,4.19.0-ipanema-g8cd6f0a04f0c,i80,ule scheduling policy,64,50.19
1702,1702,kbuild 4.19,4.19.0-ipanema-g8cd6f0a04f0c,i80,ule scheduling policy,256,47.21
1703,1703,kbuild 4.19,4.19.0-ipanema-g8cd6f0a04f0c,i80,ule scheduling policy,256,47.04
1704,1704,kbuild 4.19,4.19.0-ipanema-g8cd6f0a04f0c,i80,ule scheduling policy,256,47.5
1705,1705,kbuild 4.19,4.19.0-ipanema-g8cd6f0a04f0c,i80,ule scheduling policy,256,47.27
1706,1706,kbuild 4.19,4.19.0-ipanema-g8cd6f0a04f0c,i80,ule scheduling policy,32,57.67
1707,1707,kbuild 4.19,4.19.0-ipanema-g8cd6f0a04f0c,i80,ule scheduling policy,128,47.17
1708,1708,kbuild 4.19,4.19.0-ipanema-g8cd6f0a04f0c,i80,ule scheduling policy,32,58.31
1709,1709,kbuild 4.19,4.19.0-ipanema-g8cd6f0a04f0c,i80,ule scheduling policy,128,46.74
1710,1710,kbuild 4.19,4.19.0-ipanema-g8cd6f0a04f0c,i80,ule scheduling policy,128,46.8
1711,1711,kbuild 4.19,4.19.0-ipanema-g8cd6f0a04f0c,i80,ule scheduling policy,256,47.39
1712,1712,kbuild 4.19,4.19.0-ipanema-g8cd6f0a04f0c,i80,ule scheduling policy,32,58.34
1713,1713,kbuild 4.19,4.19.0-ipanema-g8cd6f0a04f0c,i80,ule scheduling policy,512,46.85
1714,1714,kbuild 4.19,4.19.0-ipanema-g8cd6f0a04f0c,i80,ule scheduling policy,512,47.22
1715,1715,kbuild 4.19,4.19.0-ipanema-g8cd6f0a04f0c,i80,ule scheduling policy,512,47.49
1716,1716,kbuild 4.19,4.19.0-ipanema-g8cd6f0a04f0c,i80,ule scheduling policy,32,57.9
1717,1717,kbuild 4.19,4.19.0-ipanema-g8cd6f0a04f0c,i80,ule scheduling policy,64,50.65
1718,1718,kbuild 4.19,4.19.0-ipanema-g8cd6f0a04f0c,i80,ule scheduling policy,512,47.53
1719,1719,kbuild 4.19,4.19.0-ipanema-g8cd6f0a04f0c,i80,ule scheduling policy,32,57.49
1720,1720,kbuild 4.19,4.19.0-ipanema-g8cd6f0a04f0c,i80,ule scheduling policy,256,48.13
1721,1721,kbuild 4.19,4.19.0-ipanema-g8cd6f0a04f0c,i80,ule scheduling policy,32,56.96
1722,1722,kbuild 4.19,4.19.0-ipanema-g8cd6f0a04f0c,i80,ule scheduling policy,64,51.62
1723,1723,kbuild 4.19,4.19.0-ipanema-g8cd6f0a04f0c,i80,ule scheduling policy,64,49.96
1724,1724,kbuild 4.19,4.19.0-ipanema-g8cd6f0a04f0c,i80,ule scheduling policy,64,49.61
1725,1725,kbuild 4.19,4.19.0-ipanema-g8cd6f0a04f0c,i80,ule scheduling policy,32,57.79
1726,1726,kbuild 4.19,4.19.0-ipanema-g8cd6f0a04f0c,i80,ule scheduling policy,64,51.74
1727,1727,kbuild 4.19,4.19.0-ipanema-g8cd6f0a04f0c,i80,Linux,128,47.95
1728,1728,kbuild 4.19,4.19.0-ipanema-g8cd6f0a04f0c,i80,Linux,64,51.16
1729,1729,kbuild 4.19,4.19.0-ipanema-g8cd6f0a04f0c,i80,Linux,64,51.72
1730,1730,kbuild 4.19,4.19.0-ipanema-g8cd6f0a04f0c,i80,Linux,32,57.03
1731,1731,kbuild 4.19,4.19.0-ipanema-g8cd6f0a04f0c,i80,Linux,32,58.75
1732,1732,kbuild 4.19,4.19.0-ipanema-g8cd6f0a04f0c,i80,Linux,256,49.9
1733,1733,kbuild 4.19,4.19.0-ipanema-g8cd6f0a04f0c,i80,Linux,64,51.37
1734,1734,kbuild 4.19,4.19.0-ipanema-g8cd6f0a04f0c,i80,Linux,128,47.35
1735,1735,kbuild 4.19,4.19.0-ipanema-g8cd6f0a04f0c,i80,Linux,32,59.44
1736,1736,kbuild 4.19,4.19.0-ipanema-g8cd6f0a04f0c,i80,Linux,128,48.28
1737,1737,kbuild 4.19,4.19.0-ipanema-g8cd6f0a04f0c,i80,Linux,64,52.01
1738,1738,kbuild 4.19,4.19.0-ipanema-g8cd6f0a04f0c,i80,Linux,512,50.16
1739,1739,kbuild 4.19,4.19.0-ipanema-g8cd6f0a04f0c,i80,Linux,512,50.04
1740,1740,kbuild 4.19,4.19.0-ipanema-g8cd6f0a04f0c,i80,Linux,64,51.93
1741,1741,kbuild 4.19,4.19.0-ipanema-g8cd6f0a04f0c,i80,Linux,64,51.04
1742,1742,kbuild 4.19,4.19.0-ipanema-g8cd6f0a04f0c,i80,Linux,64,52.05
1743,1743,kbuild 4.19,4.19.0-ipanema-g8cd6f0a04f0c,i80,Linux,512,49.99
1744,1744,kbuild 4.19,4.19.0-ipanema-g8cd6f0a04f0c,i80,Linux,256,49.74
1745,1745,kbuild 4.19,4.19.0-ipanema-g8cd6f0a04f0c,i80,Linux,512,50.08
1746,1746,kbuild 4.19,4.19.0-ipanema-g8cd6f0a04f0c,i80,Linux,64,50.7
1747,1747,kbuild 4.19,4.19.0-ipanema-g8cd6f0a04f0c,i80,Linux,512,50.19
1748,1748,kbuild 4.19,4.19.0-ipanema-g8cd6f0a04f0c,i80,Linux,256,50.16
1749,1749,kbuild 4.19,4.19.0-ipanema-g8cd6f0a04f0c,i80,Linux,256,49.95
1750,1750,kbuild 4.19,4.19.0-ipanema-g8cd6f0a04f0c,i80,Linux,256,50.02
1751,1751,kbuild 4.19,4.19.0-ipanema-g8cd6f0a04f0c,i80,Linux,32,56.88
1752,1752,kbuild 4.19,4.19.0-ipanema-g8cd6f0a04f0c,i80,Linux,64,51.11
1753,1753,kbuild 4.19,4.19.0-ipanema-g8cd6f0a04f0c,i80,Linux,32,57.33
1754,1754,kbuild 4.19,4.19.0-ipanema-g8cd6f0a04f0c,i80,Linux,128,48.2
1755,1755,kbuild 4.19,4.19.0-ipanema-g8cd6f0a04f0c,i80,Linux,128,47.86
1756,1756,kbuild 4.19,4.19.0-ipanema-g8cd6f0a04f0c,i80,Linux,64,50.36
1757,1757,kbuild 4.19,4.19.0-ipanema-g8cd6f0a04f0c,i80,Linux,64,49.58
1758,1758,kbuild 4.19,4.19.0-ipanema-g8cd6f0a04f0c,i80,Linux,32,58.53
1759,1759,kbuild 4.19,4.19.0-ipanema-g8cd6f0a04f0c,i80,Linux,256,49.88
1760,1760,kbuild 4.19,4.19.0-ipanema-g8cd6f0a04f0c,i80,Linux,128,48.12
1761,1761,kbuild 4.19,4.19.0-ipanema-g8cd6f0a04f0c,i80,Linux,64,52.01
1762,1762,kbuild 4.19,4.19.0-ipanema-g8cd6f0a04f0c,i80,Linux,64,51.11
1763,1763,kbuild 4.19,4.19.0-ipanema-g8cd6f0a04f0c,i80,Linux,64,51.17
1764,1764,kbuild 4.19,4.19.0-ipanema-g8cd6f0a04f0c,i80,Linux,32,59.0
1765,1765,kbuild 4.19,4.19.0-ipanema-g8cd6f0a04f0c,i80,Linux,512,50.38
1766,1766,kbuild 4.19,4.19.0-ipanema-g8cd6f0a04f0c,i80,Linux,64,51.36
1767,1767,kbuild 4.19,4.19.0-ipanema-g8cd6f0a04f0c,i80,Linux,32,57.05
1768,1768,kbuild 4.19,4.19.0-ipanema-g8cd6f0a04f0c,i80,Linux,32,58.28
1769,1769,kbuild 4.19,4.19.0-ipanema-g8cd6f0a04f0c,i80,Linux,512,49.91
1770,1770,kbuild 4.19,4.19.0-ipanema-g8cd6f0a04f0c,i80,Linux,128,48.46
1771,1771,kbuild 4.19,4.19.0-ipanema-g8cd6f0a04f0c,i80,Linux,128,47.46
1772,1772,kbuild 4.19,4.19.0-ipanema-g8cd6f0a04f0c,i80,Linux,64,51.5
1773,1773,kbuild 4.19,4.19.0-ipanema-g8cd6f0a04f0c,i80,Linux,256,49.98
1774,1774,kbuild 4.19,4.19.0-ipanema-g8cd6f0a04f0c,i80,Linux,32,58.51
1775,1775,kbuild 4.19,4.19.0-ipanema-g8cd6f0a04f0c,i80,Linux,256,50.02
1776,1776,kbuild 4.19,4.19.0-ipanema-g8cd6f0a04f0c,i80,Linux,32,58.92
1777,1777,kbuild 4.19,4.19.0-ipanema-g8cd6f0a04f0c,i80,Linux,32,58.96
1778,1778,kbuild 4.19,4.19.0-ipanema-g8cd6f0a04f0c,i80,Linux,32,57.7
1779,1779,kbuild 4.19,4.19.0-ipanema-g8cd6f0a04f0c,i80,Linux,32,57.09
1780,1780,kbuild 4.19,4.19.0-ipanema-g8cd6f0a04f0c,i80,Linux,64,51.24
1781,1781,kbuild 4.19,4.19.0-ipanema-g8cd6f0a04f0c,i80,Linux,512,50.03
1782,1782,kbuild 4.19,4.19.0-ipanema-g8cd6f0a04f0c,i80,Linux,32,57.53
1783,1783,kbuild 4.19,4.19.0-ipanema-g8cd6f0a04f0c,i80,Linux,128,48.2
1784,1784,kbuild 4.19,4.19.0-ipanema-g8cd6f0a04f0c,i80,Linux,32,58.64
1785,1785,kbuild 4.19,4.19.0-ipanema-g8cd6f0a04f0c,i80,Linux,256,49.81
1786,1786,kbuild 4.19,4.19.0-ipanema-g8cd6f0a04f0c,i80,Linux,256,49.84
1787,1787,kbuild 4.19,4.19.0-ipanema-g8cd6f0a04f0c,i80,Linux,512,50.15
1788,1788,kbuild 4.19,4.19.0-ipanema-g8cd6f0a04f0c,i80,Linux,512,50.08
1789,1789,kbuild 4.19,4.19.0-ipanema-g8cd6f0a04f0c,i80,Linux,512,49.99
1790,1790,kbuild 4.19,4.19.0-ipanema-g8cd6f0a04f0c,i80,Linux,512,50.17
1791,1791,kbuild 4.19,4.19.0-ipanema-g8cd6f0a04f0c,i80,Linux,256,49.8
1792,1792,kbuild 4.19,4.19.0-ipanema-g8cd6f0a04f0c,i80,Linux,128,47.66
1793,1793,kbuild 4.19,4.19.0-ipanema-g8cd6f0a04f0c,i80,Linux,32,57.02
1794,1794,kbuild 4.19,4.19.0-ipanema-g8cd6f0a04f0c,i80,Linux,128,48.36
1795,1795,kbuild 4.19,4.19.0-ipanema-g8cd6f0a04f0c,i80,Linux,64,51.18
1796,1796,kbuild 4.19,4.19.0-ipanema-g8cd6f0a04f0c,i80,Linux,256,49.87
1797,1797,kbuild 4.19,4.19.0-ipanema-g8cd6f0a04f0c,i80,Linux,512,50.08
1798,1798,kbuild 4.19,4.19.0-ipanema-g8cd6f0a04f0c,i80,Linux,32,58.16
1799,1799,kbuild 4.19,4.19.0-ipanema-g8cd6f0a04f0c,i80,Linux,128,47.78
1800,1800,kbuild 4.19,4.19.0-ipanema-g8cd6f0a04f0c,i80,Linux,512,50.31
1801,1801,kbuild 4.19,4.19.0-ipanema-g8cd6f0a04f0c,i80,Linux,64,51.73
1802,1802,kbuild 4.19,4.19.0-ipanema-g8cd6f0a04f0c,i80,Linux,512,50.18
1803,1803,kbuild 4.19,4.19.0-ipanema-g8cd6f0a04f0c,i80,Linux,256,49.88
1804,1804,kbuild 4.19,4.19.0-ipanema-g8cd6f0a04f0c,i80,Linux,512,49.86
1805,1805,kbuild 4.19,4.19.0-ipanema-g8cd6f0a04f0c,i80,Linux,128,47.57
1806,1806,kbuild 4.19,4.19.0-ipanema-g8cd6f0a04f0c,i80,Linux,32,57.16
1807,1807,kbuild 4.19,4.19.0-ipanema-g8cd6f0a04f0c,i80,Linux,128,48.32
1808,1808,kbuild 4.19,4.19.0-ipanema-g8cd6f0a04f0c,i80,Linux,32,58.28
1809,1809,kbuild 4.19,4.19.0-ipanema-g8cd6f0a04f0c,i80,Linux,256,50.04
1810,1810,kbuild 4.19,4.19.0-ipanema-g8cd6f0a04f0c,i80,Linux,512,50.07
1811,1811,kbuild 4.19,4.19.0-ipanema-g8cd6f0a04f0c,i80,Linux,128,47.66
1812,1812,kbuild 4.19,4.19.0-ipanema-g8cd6f0a04f0c,i80,Linux,32,58.02
1813,1813,kbuild 4.19,4.19.0-ipanema-g8cd6f0a04f0c,i80,Linux,512,50.02
1814,1814,kbuild 4.19,4.19.0-ipanema-g8cd6f0a04f0c,i80,Linux,32,58.14
1815,1815,kbuild 4.19,4.19.0-ipanema-g8cd6f0a04f0c,i80,Linux,256,50.03
1816,1816,kbuild 4.19,4.19.0-ipanema-g8cd6f0a04f0c,i80,Linux,512,50.18
1817,1817,kbuild 4.19,4.19.0-ipanema-g8cd6f0a04f0c,i80,Linux,256,49.83
1818,1818,kbuild 4.19,4.19.0-ipanema-g8cd6f0a04f0c,i80,Linux,512,50.03
1819,1819,kbuild 4.19,4.19.0-ipanema-g8cd6f0a04f0c,i80,Linux,32,58.73
1820,1820,kbuild 4.19,4.19.0-ipanema-g8cd6f0a04f0c,i80,Linux,512,50.04
1821,1821,kbuild 4.19,4.19.0-ipanema-g8cd6f0a04f0c,i80,Linux,512,50.02
1822,1822,kbuild 4.19,4.19.0-ipanema-g8cd6f0a04f0c,i80,Linux,128,47.18
1823,1823,kbuild 4.19,4.19.0-ipanema-g8cd6f0a04f0c,i80,Linux,32,57.61
1824,1824,kbuild 4.19,4.19.0-ipanema-g8cd6f0a04f0c,i80,Linux,32,57.72
1825,1825,kbuild 4.19,4.19.0-ipanema-g8cd6f0a04f0c,i80,Linux,256,49.85
1826,1826,kbuild 4.19,4.19.0-ipanema-g8cd6f0a04f0c,i80,Linux,256,49.95
1827,1827,kbuild 4.19,4.19.0-ipanema-g8cd6f0a04f0c,i80,Linux,64,51.44
1828,1828,kbuild 4.19,4.19.0-ipanema-g8cd6f0a04f0c,i80,Linux,32,56.9
1829,1829,kbuild 4.19,4.19.0-ipanema-g8cd6f0a04f0c,i80,Linux,256,49.89
1830,1830,kbuild 4.19,4.19.0-ipanema-g8cd6f0a04f0c,i80,Linux,128,48.17
1831,1831,kbuild 4.19,4.19.0-ipanema-g8cd6f0a04f0c,i80,Linux,256,50.08
1832,1832,kbuild 4.19,4.19.0-ipanema-g8cd6f0a04f0c,i80,Linux,256,50.01
1833,1833,kbuild 4.19,4.19.0-ipanema-g8cd6f0a04f0c,i80,Linux,32,57.18
1834,1834,kbuild 4.19,4.19.0-ipanema-g8cd6f0a04f0c,i80,Linux,64,51.81
1835,1835,kbuild 4.19,4.19.0-ipanema-g8cd6f0a04f0c,i80,Linux,128,47.9
1836,1836,kbuild 4.19,4.19.0-ipanema-g8cd6f0a04f0c,i80,Linux,512,50.15
1837,1837,kbuild 4.19,4.19.0-ipanema-g8cd6f0a04f0c,i80,Linux,256,49.86
1838,1838,kbuild 4.19,4.19.0-ipanema-g8cd6f0a04f0c,i80,Linux,256,49.71
1839,1839,kbuild 4.19,4.19.0-ipanema-g8cd6f0a04f0c,i80,Linux,512,50.13
1840,1840,kbuild 4.19,4.19.0-ipanema-g8cd6f0a04f0c,i80,Linux,32,58.55
1841,1841,kbuild 4.19,4.19.0-ipanema-g8cd6f0a04f0c,i80,Linux,256,49.82
1842,1842,kbuild 4.19,4.19.0-ipanema-g8cd6f0a04f0c,i80,Linux,128,47.97
1843,1843,kbuild 4.19,4.19.0-ipanema-g8cd6f0a04f0c,i80,Linux,64,51.04
1844,1844,kbuild 4.19,4.19.0-ipanema-g8cd6f0a04f0c,i80,Linux,512,50.03
1845,1845,kbuild 4.19,4.19.0-ipanema-g8cd6f0a04f0c,i80,Linux,512,50.15
1846,1846,kbuild 4.19,4.19.0-ipanema-g8cd6f0a04f0c,i80,Linux,512,50.19
1847,1847,kbuild 4.19,4.19.0-ipanema-g8cd6f0a04f0c,i80,Linux,128,47.36
1848,1848,kbuild 4.19,4.19.0-ipanema-g8cd6f0a04f0c,i80,Linux,256,49.87
1849,1849,kbuild 4.19,4.19.0-ipanema-g8cd6f0a04f0c,i80,Linux,128,47.81
1850,1850,kbuild 4.19,4.19.0-ipanema-g8cd6f0a04f0c,i80,Linux,32,57.82
1851,1851,kbuild 4.19,4.19.0-ipanema-g8cd6f0a04f0c,i80,Linux,64,51.45
1852,1852,kbuild 4.19,4.19.0-ipanema-g8cd6f0a04f0c,i80,Linux,512,50.06
1853,1853,kbuild 4.19,4.19.0-ipanema-g8cd6f0a04f0c,i80,Linux,64,50.89
1854,1854,kbuild 4.19,4.19.0-ipanema-g8cd6f0a04f0c,i80,Linux,256,49.72
1855,1855,kbuild 4.19,4.19.0-ipanema-g8cd6f0a04f0c,i80,Linux,512,50.06
1856,1856,kbuild 4.19,4.19.0-ipanema-g8cd6f0a04f0c,i80,Linux,32,58.42
1857,1857,kbuild 4.19,4.19.0-ipanema-g8cd6f0a04f0c,i80,Linux,512,50.04
1858,1858,kbuild 4.19,4.19.0-ipanema-g8cd6f0a04f0c,i80,Linux,256,49.98
1859,1859,kbuild 4.19,4.19.0-ipanema-g8cd6f0a04f0c,i80,Linux,32,58.04
1860,1860,kbuild 4.19,4.19.0-ipanema-g8cd6f0a04f0c,i80,Linux,256,49.88
1861,1861,kbuild 4.19,4.19.0-ipanema-g8cd6f0a04f0c,i80,Linux,256,49.93
1862,1862,kbuild 4.19,4.19.0-ipanema-g8cd6f0a04f0c,i80,Linux,64,51.27
1863,1863,kbuild 4.19,4.19.0-ipanema-g8cd6f0a04f0c,i80,Linux,32,58.31
1864,1864,kbuild 4.19,4.19.0-ipanema-g8cd6f0a04f0c,i80,Linux,128,48.26
1865,1865,kbuild 4.19,4.19.0-ipanema-g8cd6f0a04f0c,i80,Linux,128,47.36
1866,1866,kbuild 4.19,4.19.0-ipanema-g8cd6f0a04f0c,i80,Linux,128,48.45
1867,1867,kbuild 4.19,4.19.0-ipanema-g8cd6f0a04f0c,i80,Linux,64,49.91
1868,1868,kbuild 4.19,4.19.0-ipanema-g8cd6f0a04f0c,i80,Linux,32,58.12
1869,1869,kbuild 4.19,4.19.0-ipanema-g8cd6f0a04f0c,i80,Linux,128,48.04
1870,1870,kbuild 4.19,4.19.0-ipanema-g8cd6f0a04f0c,i80,Linux,128,47.51
1871,1871,kbuild 4.19,4.19.0-ipanema-g8cd6f0a04f0c,i80,Linux,512,50.05
1872,1872,kbuild 4.19,4.19.0-ipanema-g8cd6f0a04f0c,i80,Linux,32,57.34
1873,1873,kbuild 4.19,4.19.0-ipanema-g8cd6f0a04f0c,i80,Linux,128,48.06
1874,1874,kbuild 4.19,4.19.0-ipanema-g8cd6f0a04f0c,i80,Linux,512,50.04
1875,1875,kbuild 4.19,4.19.0-ipanema-g8cd6f0a04f0c,i80,Linux,256,49.84
1876,1876,kbuild 4.19,4.19.0-ipanema-g8cd6f0a04f0c,i80,Linux,64,51.33
1877,1877,kbuild 4.19,4.19.0-ipanema-g8cd6f0a04f0c,i80,Linux,512,50.2
1878,1878,kbuild 4.19,4.19.0-ipanema-g8cd6f0a04f0c,i80,Linux,512,49.92
1879,1879,kbuild 4.19,4.19.0-ipanema-g8cd6f0a04f0c,i80,Linux,512,50.1
1880,1880,kbuild 4.19,4.19.0-ipanema-g8cd6f0a04f0c,i80,Linux,512,50.02
1881,1881,kbuild 4.19,4.19.0-ipanema-g8cd6f0a04f0c,i80,Linux,64,51.15
1882,1882,kbuild 4.19,4.19.0-ipanema-g8cd6f0a04f0c,i80,Linux,64,51.64
1883,1883,kbuild 4.19,4.19.0-ipanema-g8cd6f0a04f0c,i80,Linux,64,51.78
1884,1884,kbuild 4.19,4.19.0-ipanema-g8cd6f0a04f0c,i80,Linux,256,49.73
1885,1885,kbuild 4.19,4.19.0-ipanema-g8cd6f0a04f0c,i80,Linux,128,48.19
1886,1886,kbuild 4.19,4.19.0-ipanema-g8cd6f0a04f0c,i80,Linux,128,47.15
1887,1887,kbuild 4.19,4.19.0-ipanema-g8cd6f0a04f0c,i80,Linux,128,48.21
1888,1888,kbuild 4.19,4.19.0-ipanema-g8cd6f0a04f0c,i80,Linux,64,51.4
1889,1889,kbuild 4.19,4.19.0-ipanema-g8cd6f0a04f0c,i80,Linux,256,49.81
1890,1890,kbuild 4.19,4.19.0-ipanema-g8cd6f0a04f0c,i80,Linux,64,51.64
1891,1891,kbuild 4.19,4.19.0-ipanema-g8cd6f0a04f0c,i80,Linux,128,46.86
1892,1892,kbuild 4.19,4.19.0-ipanema-g8cd6f0a04f0c,i80,Linux,32,58.25
1893,1893,kbuild 4.19,4.19.0-ipanema-g8cd6f0a04f0c,i80,Linux,256,49.95
1894,1894,kbuild 4.19,4.19.0-ipanema-g8cd6f0a04f0c,i80,Linux,32,57.58
1895,1895,kbuild 4.19,4.19.0-ipanema-g8cd6f0a04f0c,i80,Linux,64,50.69
1896,1896,kbuild 4.19,4.19.0-ipanema-g8cd6f0a04f0c,i80,Linux,256,49.94
1897,1897,kbuild 4.19,4.19.0-ipanema-g8cd6f0a04f0c,i80,Linux,256,49.89
1898,1898,kbuild 4.19,4.19.0-ipanema-g8cd6f0a04f0c,i80,Linux,32,57.18
1899,1899,kbuild 4.19,4.19.0-ipanema-g8cd6f0a04f0c,i80,Linux,32,58.3
1900,1900,kbuild 4.19,4.19.0-ipanema-g8cd6f0a04f0c,i80,Linux,512,50.09
1901,1901,kbuild 4.19,4.19.0-ipanema-g8cd6f0a04f0c,i80,Linux,32,58.56
1902,1902,kbuild 4.19,4.19.0-ipanema-g8cd6f0a04f0c,i80,Linux,64,51.73
1903,1903,kbuild 4.19,4.19.0-ipanema-g8cd6f0a04f0c,i80,Linux,128,48.02
1904,1904,kbuild 4.19,4.19.0-ipanema-g8cd6f0a04f0c,i80,Linux,128,48.0
1905,1905,kbuild 4.19,4.19.0-ipanema-g8cd6f0a04f0c,i80,Linux,64,51.22
1906,1906,kbuild 4.19,4.19.0-ipanema-g8cd6f0a04f0c,i80,Linux,256,49.9
1907,1907,kbuild 4.19,4.19.0-ipanema-g8cd6f0a04f0c,i80,Linux,128,48.11
1908,1908,kbuild 4.19,4.19.0-ipanema-g8cd6f0a04f0c,i80,Linux,256,49.94
1909,1909,kbuild 4.19,4.19.0-ipanema-g8cd6f0a04f0c,i80,Linux,128,47.92
1910,1910,kbuild 4.19,4.19.0-ipanema-g8cd6f0a04f0c,i80,Linux,64,51.15
1911,1911,kbuild 4.19,4.19.0-ipanema-g8cd6f0a04f0c,i80,Linux,32,58.14
1912,1912,kbuild 4.19,4.19.0-ipanema-g8cd6f0a04f0c,i80,Linux,512,49.94
1913,1913,kbuild 4.19,4.19.0-ipanema-g8cd6f0a04f0c,i80,Linux,64,51.41
1914,1914,kbuild 4.19,4.19.0-ipanema-g8cd6f0a04f0c,i80,Linux,128,48.08
1915,1915,kbuild 4.19,4.19.0-ipanema-g8cd6f0a04f0c,i80,Linux,128,48.44
1916,1916,kbuild 4.19,4.19.0-ipanema-g8cd6f0a04f0c,i80,Linux,128,47.69
1917,1917,kbuild 4.19,4.19.0-ipanema-g8cd6f0a04f0c,i80,Linux,32,58.92
1918,1918,kbuild 4.19,4.19.0-ipanema-g8cd6f0a04f0c,i80,Linux,256,49.83
1919,1919,kbuild 4.19,4.19.0-ipanema-g8cd6f0a04f0c,i80,Linux,512,50.24
1920,1920,kbuild 4.19,4.19.0-ipanema-g8cd6f0a04f0c,i80,Linux,32,58.83
1921,1921,kbuild 4.19,4.19.0-ipanema-g8cd6f0a04f0c,i80,Linux,64,51.26
1922,1922,kbuild 4.19,4.19.0-ipanema-g8cd6f0a04f0c,i80,Linux,64,51.34
1923,1923,kbuild 4.19,4.19.0-ipanema-g8cd6f0a04f0c,i80,Linux,128,47.89
1924,1924,kbuild 4.19,4.19.0-ipanema-g8cd6f0a04f0c,i80,Linux,64,50.34
1925,1925,kbuild 4.19,4.19.0-ipanema-g8cd6f0a04f0c,i80,Linux,64,51.48
1926,1926,kbuild 4.19,4.19.0-ipanema-g8cd6f0a04f0c,i80,Linux,128,48.23
1927,1927,kbuild 4.19,4.19.0-ipanema-g8cd6f0a04f0c,i80,Linux,256,49.71
1928,1928,kbuild 4.19,4.19.0-ipanema-g8cd6f0a04f0c,i80,Linux,64,51.48
1929,1929,kbuild 4.19,4.19.0-ipanema-g8cd6f0a04f0c,i80,Linux,128,47.75
1930,1930,kbuild 4.19,4.19.0-ipanema-g8cd6f0a04f0c,i80,Linux,256,49.98
1931,1931,kbuild 4.19,4.19.0-ipanema-g8cd6f0a04f0c,i80,Linux,32,57.19
1932,1932,kbuild 4.19,4.19.0-ipanema-g8cd6f0a04f0c,i80,Linux,512,50.06
1933,1933,kbuild 4.19,4.19.0-ipanema-g8cd6f0a04f0c,i80,Linux,256,49.89
1934,1934,kbuild 4.19,4.19.0-ipanema-g8cd6f0a04f0c,i80,Linux,128,48.32
1935,1935,kbuild 4.19,4.19.0-ipanema-g8cd6f0a04f0c,i80,Linux,512,50.03
1936,1936,kbuild 4.19,4.19.0-ipanema-g8cd6f0a04f0c,i80,Linux,512,50.25
1937,1937,kbuild 4.19,4.19.0-ipanema-g8cd6f0a04f0c,i80,Linux,32,57.17
1938,1938,kbuild 4.19,4.19.0-ipanema-g8cd6f0a04f0c,i80,Linux,64,50.91
1939,1939,kbuild 4.19,4.19.0-ipanema-g8cd6f0a04f0c,i80,Linux,64,50.3
1940,1940,kbuild 4.19,4.19.0-ipanema-g8cd6f0a04f0c,i80,Linux,128,48.17
1941,1941,kbuild 4.19,4.19.0-ipanema-g8cd6f0a04f0c,i80,Linux,512,49.94
1942,1942,kbuild 4.19,4.19.0-ipanema-g8cd6f0a04f0c,i80,Linux,512,50.06
1943,1943,kbuild 4.19,4.19.0-ipanema-g8cd6f0a04f0c,i80,Linux,64,51.17
1944,1944,kbuild 4.19,4.19.0-ipanema-g8cd6f0a04f0c,i80,Linux,32,58.18
1945,1945,kbuild 4.19,4.19.0-ipanema-g8cd6f0a04f0c,i80,Linux,256,49.95
1946,1946,kbuild 4.19,4.19.0-ipanema-g8cd6f0a04f0c,i80,Linux,64,50.8
1947,1947,kbuild 4.19,4.19.0-ipanema-g8cd6f0a04f0c,i80,Linux,256,49.97
1948,1948,kbuild 4.19,4.19.0-ipanema-g8cd6f0a04f0c,i80,Linux,32,57.59
1949,1949,kbuild 4.19,4.19.0-ipanema-g8cd6f0a04f0c,i80,Linux,128,47.95
1950,1950,kbuild 4.19,4.19.0-ipanema-g8cd6f0a04f0c,i80,Linux,128,48.12
1951,1951,kbuild 4.19,4.19.0-ipanema-g8cd6f0a04f0c,i80,Linux,256,49.72
1952,1952,kbuild 4.19,4.19.0-ipanema-g8cd6f0a04f0c,i80,Linux,128,48.05
1953,1953,kbuild 4.19,4.19.0-ipanema-g8cd6f0a04f0c,i80,Linux,32,57.86
1954,1954,kbuild 4.19,4.19.0-ipanema-g8cd6f0a04f0c,i80,Linux,64,51.65
1955,1955,kbuild 4.19,4.19.0-ipanema-g8cd6f0a04f0c,i80,Linux,256,50.01
1956,1956,kbuild 4.19,4.19.0-ipanema-g8cd6f0a04f0c,i80,Linux,512,50.33
1957,1957,kbuild 4.19,4.19.0-ipanema-g8cd6f0a04f0c,i80,Linux,512,49.99
1958,1958,kbuild 4.19,4.19.0-ipanema-g8cd6f0a04f0c,i80,Linux,128,47.88
1959,1959,kbuild 4.19,4.19.0-ipanema-g8cd6f0a04f0c,i80,Linux,256,49.83
1960,1960,kbuild 4.19,4.19.0-ipanema-g8cd6f0a04f0c,i80,ule_wwc scheduling policy,128,48.86
1961,1961,kbuild 4.19,4.19.0-ipanema-g8cd6f0a04f0c,i80,ule_wwc scheduling policy,64,52.56
1962,1962,kbuild 4.19,4.19.0-ipanema-g8cd6f0a04f0c,i80,ule_wwc scheduling policy,32,65.18
1963,1963,kbuild 4.19,4.19.0-ipanema-g8cd6f0a04f0c,i80,cfs_wwc scheduling policy,64,50.19
1964,1964,kbuild 4.19,4.19.0-ipanema-g8cd6f0a04f0c,i80,cfs_wwc scheduling policy,64,48.01
1965,1965,kbuild 4.19,4.19.0-ipanema-g8cd6f0a04f0c,i80,cfs_wwc scheduling policy,32,58.78
1966,1966,kbuild 4.19,4.19.0-ipanema-g8cd6f0a04f0c,i80,cfs_wwc scheduling policy,64,50.28
1967,1967,kbuild 4.19,4.19.0-ipanema-g8cd6f0a04f0c,i80,cfs_wwc scheduling policy,32,58.36
1968,1968,kbuild 4.19,4.19.0-ipanema-g8cd6f0a04f0c,i80,cfs_wwc scheduling policy,512,48.91
1969,1969,kbuild 4.19,4.19.0-ipanema-g8cd6f0a04f0c,i80,cfs_wwc scheduling policy,32,58.62
1970,1970,kbuild 4.19,4.19.0-ipanema-g8cd6f0a04f0c,i80,cfs_wwc scheduling policy,256,48.46
1971,1971,kbuild 4.19,4.19.0-ipanema-g8cd6f0a04f0c,i80,cfs_wwc scheduling policy,64,49.8
1972,1972,kbuild 4.19,4.19.0-ipanema-g8cd6f0a04f0c,i80,cfs_wwc scheduling policy,64,49.0
1973,1973,kbuild 4.19,4.19.0-ipanema-g8cd6f0a04f0c,i80,cfs_wwc scheduling policy,256,49.95
1974,1974,kbuild 4.19,4.19.0-ipanema-g8cd6f0a04f0c,i80,cfs_wwc scheduling policy,256,49.06
1975,1975,kbuild 4.19,4.19.0-ipanema-g8cd6f0a04f0c,i80,cfs_wwc scheduling policy,128,47.65
1976,1976,kbuild 4.19,4.19.0-ipanema-g8cd6f0a04f0c,i80,cfs_wwc scheduling policy,512,48.99
1977,1977,kbuild 4.19,4.19.0-ipanema-g8cd6f0a04f0c,i80,cfs_wwc scheduling policy,128,47.55
1978,1978,kbuild 4.19,4.19.0-ipanema-g8cd6f0a04f0c,i80,cfs_wwc scheduling policy,512,49.0
1979,1979,kbuild 4.19,4.19.0-ipanema-g8cd6f0a04f0c,i80,cfs_wwc scheduling policy,64,49.93
1980,1980,kbuild 4.19,4.19.0-ipanema-g8cd6f0a04f0c,i80,cfs_wwc scheduling policy,256,49.11
1981,1981,kbuild 4.19,4.19.0-ipanema-g8cd6f0a04f0c,i80,cfs_wwc scheduling policy,256,49.39
1982,1982,kbuild 4.19,4.19.0-ipanema-g8cd6f0a04f0c,i80,cfs_wwc scheduling policy,512,48.82
1983,1983,kbuild 4.19,4.19.0-ipanema-g8cd6f0a04f0c,i80,cfs_wwc scheduling policy,32,58.55
1984,1984,kbuild 4.19,4.19.0-ipanema-g8cd6f0a04f0c,i80,cfs_wwc scheduling policy,64,49.82
1985,1985,kbuild 4.19,4.19.0-ipanema-g8cd6f0a04f0c,i80,cfs_wwc scheduling policy,32,58.86
1986,1986,kbuild 4.19,4.19.0-ipanema-g8cd6f0a04f0c,i80,cfs_wwc scheduling policy,256,49.29
1987,1987,kbuild 4.19,4.19.0-ipanema-g8cd6f0a04f0c,i80,cfs_wwc scheduling policy,512,48.74
1988,1988,kbuild 4.19,4.19.0-ipanema-g8cd6f0a04f0c,i80,cfs_wwc scheduling policy,512,48.69
1989,1989,kbuild 4.19,4.19.0-ipanema-g8cd6f0a04f0c,i80,cfs_wwc scheduling policy,64,50.74
1990,1990,kbuild 4.19,4.19.0-ipanema-g8cd6f0a04f0c,i80,cfs_wwc scheduling policy,256,48.75
1991,1991,kbuild 4.19,4.19.0-ipanema-g8cd6f0a04f0c,i80,cfs_wwc scheduling policy,512,48.66
1992,1992,kbuild 4.19,4.19.0-ipanema-g8cd6f0a04f0c,i80,cfs_wwc scheduling policy,64,49.81
1993,1993,kbuild 4.19,4.19.0-ipanema-g8cd6f0a04f0c,i80,cfs_wwc scheduling policy,512,48.47
1994,1994,kbuild 4.19,4.19.0-ipanema-g8cd6f0a04f0c,i80,cfs_wwc scheduling policy,128,48.03
1995,1995,kbuild 4.19,4.19.0-ipanema-g8cd6f0a04f0c,i80,cfs_wwc scheduling policy,512,48.62
1996,1996,kbuild 4.19,4.19.0-ipanema-g8cd6f0a04f0c,i80,cfs_wwc scheduling policy,256,48.64
1997,1997,kbuild 4.19,4.19.0-ipanema-g8cd6f0a04f0c,i80,cfs_wwc scheduling policy,64,50.34
1998,1998,kbuild 4.19,4.19.0-ipanema-g8cd6f0a04f0c,i80,cfs_wwc scheduling policy,256,48.6
1999,1999,kbuild 4.19,4.19.0-ipanema-g8cd6f0a04f0c,i80,cfs_wwc scheduling policy,256,49.09
2000,2000,kbuild 4.19,4.19.0-ipanema-g8cd6f0a04f0c,i80,cfs_wwc scheduling policy,64,50.04
2001,2001,kbuild 4.19,4.19.0-ipanema-g8cd6f0a04f0c,i80,cfs_wwc scheduling policy,32,58.9
2002,2002,kbuild 4.19,4.19.0-ipanema-g8cd6f0a04f0c,i80,cfs_wwc scheduling policy,64,48.39
2003,2003,kbuild 4.19,4.19.0-ipanema-g8cd6f0a04f0c,i80,cfs_wwc scheduling policy,128,48.16
2004,2004,kbuild 4.19,4.19.0-ipanema-g8cd6f0a04f0c,i80,cfs_wwc scheduling policy,256,48.94
2005,2005,kbuild 4.19,4.19.0-ipanema-g8cd6f0a04f0c,i80,cfs_wwc scheduling policy,256,49.05
2006,2006,kbuild 4.19,4.19.0-ipanema-g8cd6f0a04f0c,i80,cfs_wwc scheduling policy,32,58.93
2007,2007,kbuild 4.19,4.19.0-ipanema-g8cd6f0a04f0c,i80,cfs_wwc scheduling policy,32,58.21
2008,2008,kbuild 4.19,4.19.0-ipanema-g8cd6f0a04f0c,i80,cfs_wwc scheduling policy,64,50.17
2009,2009,kbuild 4.19,4.19.0-ipanema-g8cd6f0a04f0c,i80,cfs_wwc scheduling policy,512,49.03
2010,2010,kbuild 4.19,4.19.0-ipanema-g8cd6f0a04f0c,i80,cfs_wwc scheduling policy,64,48.79
2011,2011,kbuild 4.19,4.19.0-ipanema-g8cd6f0a04f0c,i80,cfs_wwc scheduling policy,256,48.94
2012,2012,kbuild 4.19,4.19.0-ipanema-g8cd6f0a04f0c,i80,cfs_wwc scheduling policy,64,51.36
2013,2013,kbuild 4.19,4.19.0-ipanema-g8cd6f0a04f0c,i80,cfs_wwc scheduling policy,32,58.98
2014,2014,kbuild 4.19,4.19.0-ipanema-g8cd6f0a04f0c,i80,cfs_wwc scheduling policy,128,47.47
2015,2015,kbuild 4.19,4.19.0-ipanema-g8cd6f0a04f0c,i80,cfs_wwc scheduling policy,32,60.66
2016,2016,kbuild 4.19,4.19.0-ipanema-g8cd6f0a04f0c,i80,cfs_wwc scheduling policy,32,58.39
2017,2017,kbuild 4.19,4.19.0-ipanema-g8cd6f0a04f0c,i80,cfs_wwc scheduling policy,128,47.48
2018,2018,kbuild 4.19,4.19.0-ipanema-g8cd6f0a04f0c,i80,cfs_wwc scheduling policy,128,47.14
2019,2019,kbuild 4.19,4.19.0-ipanema-g8cd6f0a04f0c,i80,cfs_wwc scheduling policy,64,48.18
2020,2020,kbuild 4.19,4.19.0-ipanema-g8cd6f0a04f0c,i80,cfs_wwc scheduling policy,512,48.64
2021,2021,kbuild 4.19,4.19.0-ipanema-g8cd6f0a04f0c,i80,cfs_wwc scheduling policy,64,51.46
2022,2022,kbuild 4.19,4.19.0-ipanema-g8cd6f0a04f0c,i80,cfs_wwc scheduling policy,512,48.8
2023,2023,kbuild 4.19,4.19.0-ipanema-g8cd6f0a04f0c,i80,cfs_wwc scheduling policy,128,47.83
2024,2024,kbuild 4.19,4.19.0-ipanema-g8cd6f0a04f0c,i80,cfs_wwc scheduling policy,32,59.57
2025,2025,kbuild 4.19,4.19.0-ipanema-g8cd6f0a04f0c,i80,cfs_wwc scheduling policy,128,47.96
2026,2026,kbuild 4.19,4.19.0-ipanema-g8cd6f0a04f0c,i80,cfs_wwc scheduling policy,32,58.24
2027,2027,kbuild 4.19,4.19.0-ipanema-g8cd6f0a04f0c,i80,cfs_wwc scheduling policy,512,49.15
2028,2028,kbuild 4.19,4.19.0-ipanema-g8cd6f0a04f0c,i80,cfs_wwc scheduling policy,256,48.77
2029,2029,kbuild 4.19,4.19.0-ipanema-g8cd6f0a04f0c,i80,cfs_wwc scheduling policy,256,49.05
2030,2030,kbuild 4.19,4.19.0-ipanema-g8cd6f0a04f0c,i80,cfs_wwc scheduling policy,256,49.56
2031,2031,kbuild 4.19,4.19.0-ipanema-g8cd6f0a04f0c,i80,cfs_wwc scheduling policy,64,48.11
2032,2032,kbuild 4.19,4.19.0-ipanema-g8cd6f0a04f0c,i80,cfs_wwc scheduling policy,256,48.81
2033,2033,kbuild 4.19,4.19.0-ipanema-g8cd6f0a04f0c,i80,cfs_wwc scheduling policy,128,47.1
2034,2034,kbuild 4.19,4.19.0-ipanema-g8cd6f0a04f0c,i80,cfs_wwc scheduling policy,512,49.26
2035,2035,kbuild 4.19,4.19.0-ipanema-g8cd6f0a04f0c,i80,cfs_wwc scheduling policy,64,48.64
2036,2036,kbuild 4.19,4.19.0-ipanema-g8cd6f0a04f0c,i80,cfs_wwc scheduling policy,32,57.96
2037,2037,kbuild 4.19,4.19.0-ipanema-g8cd6f0a04f0c,i80,cfs_wwc scheduling policy,256,49.19
2038,2038,kbuild 4.19,4.19.0-ipanema-g8cd6f0a04f0c,i80,cfs_wwc scheduling policy,256,48.47
2039,2039,kbuild 4.19,4.19.0-ipanema-g8cd6f0a04f0c,i80,cfs_wwc scheduling policy,128,47.93
2040,2040,kbuild 4.19,4.19.0-ipanema-g8cd6f0a04f0c,i80,cfs_wwc scheduling policy,32,58.06
2041,2041,kbuild 4.19,4.19.0-ipanema-g8cd6f0a04f0c,i80,cfs_wwc scheduling policy,512,49.11
2042,2042,kbuild 4.19,4.19.0-ipanema-g8cd6f0a04f0c,i80,cfs_wwc scheduling policy,256,48.99
2043,2043,kbuild 4.19,4.19.0-ipanema-g8cd6f0a04f0c,i80,cfs_wwc scheduling policy,128,47.63
2044,2044,kbuild 4.19,4.19.0-ipanema-g8cd6f0a04f0c,i80,cfs_wwc scheduling policy,64,48.03
2045,2045,kbuild 4.19,4.19.0-ipanema-g8cd6f0a04f0c,i80,cfs_wwc scheduling policy,32,59.61
2046,2046,kbuild 4.19,4.19.0-ipanema-g8cd6f0a04f0c,i80,cfs_wwc scheduling policy,512,50.45
2047,2047,kbuild 4.19,4.19.0-ipanema-g8cd6f0a04f0c,i80,cfs_wwc scheduling policy,32,59.12
2048,2048,kbuild 4.19,4.19.0-ipanema-g8cd6f0a04f0c,i80,cfs_wwc scheduling policy,32,60.33
2049,2049,kbuild 4.19,4.19.0-ipanema-g8cd6f0a04f0c,i80,cfs_wwc scheduling policy,64,49.83
2050,2050,kbuild 4.19,4.19.0-ipanema-g8cd6f0a04f0c,i80,cfs_wwc scheduling policy,128,47.54
2051,2051,kbuild 4.19,4.19.0-ipanema-g8cd6f0a04f0c,i80,cfs_wwc scheduling policy,64,48.09
2052,2052,kbuild 4.19,4.19.0-ipanema-g8cd6f0a04f0c,i80,cfs_wwc scheduling policy,256,49.44
2053,2053,kbuild 4.19,4.19.0-ipanema-g8cd6f0a04f0c,i80,cfs_wwc scheduling policy,128,48.3
2054,2054,kbuild 4.19,4.19.0-ipanema-g8cd6f0a04f0c,i80,cfs_wwc scheduling policy,128,47.85
2055,2055,kbuild 4.19,4.19.0-ipanema-g8cd6f0a04f0c,i80,cfs_wwc scheduling policy,32,57.92
2056,2056,kbuild 4.19,4.19.0-ipanema-g8cd6f0a04f0c,i80,cfs_wwc scheduling policy,256,49.33
2057,2057,kbuild 4.19,4.19.0-ipanema-g8cd6f0a04f0c,i80,cfs_wwc scheduling policy,128,47.11
2058,2058,kbuild 4.19,4.19.0-ipanema-g8cd6f0a04f0c,i80,cfs_wwc scheduling policy,256,49.14
2059,2059,kbuild 4.19,4.19.0-ipanema-g8cd6f0a04f0c,i80,cfs_wwc scheduling policy,128,48.33
2060,2060,kbuild 4.19,4.19.0-ipanema-g8cd6f0a04f0c,i80,cfs_wwc scheduling policy,32,57.74
2061,2061,kbuild 4.19,4.19.0-ipanema-g8cd6f0a04f0c,i80,cfs_wwc scheduling policy,32,58.4
2062,2062,kbuild 4.19,4.19.0-ipanema-g8cd6f0a04f0c,i80,cfs_wwc scheduling policy,32,58.84
2063,2063,kbuild 4.19,4.19.0-ipanema-g8cd6f0a04f0c,i80,cfs_wwc scheduling policy,128,47.43
2064,2064,kbuild 4.19,4.19.0-ipanema-g8cd6f0a04f0c,i80,cfs_wwc scheduling policy,32,58.21
2065,2065,kbuild 4.19,4.19.0-ipanema-g8cd6f0a04f0c,i80,cfs_wwc scheduling policy,128,46.79
2066,2066,kbuild 4.19,4.19.0-ipanema-g8cd6f0a04f0c,i80,cfs_wwc scheduling policy,64,50.05
2067,2067,kbuild 4.19,4.19.0-ipanema-g8cd6f0a04f0c,i80,cfs_wwc scheduling policy,128,47.54
2068,2068,kbuild 4.19,4.19.0-ipanema-g8cd6f0a04f0c,i80,cfs_wwc scheduling policy,256,48.94
2069,2069,kbuild 4.19,4.19.0-ipanema-g8cd6f0a04f0c,i80,cfs_wwc scheduling policy,512,49.09
2070,2070,kbuild 4.19,4.19.0-ipanema-g8cd6f0a04f0c,i80,cfs_wwc scheduling policy,128,47.79
2071,2071,kbuild 4.19,4.19.0-ipanema-g8cd6f0a04f0c,i80,cfs_wwc scheduling policy,32,58.35
2072,2072,kbuild 4.19,4.19.0-ipanema-g8cd6f0a04f0c,i80,cfs_wwc scheduling policy,512,48.56
2073,2073,kbuild 4.19,4.19.0-ipanema-g8cd6f0a04f0c,i80,cfs_wwc scheduling policy,64,46.92
2074,2074,kbuild 4.19,4.19.0-ipanema-g8cd6f0a04f0c,i80,cfs_wwc scheduling policy,128,47.72
2075,2075,kbuild 4.19,4.19.0-ipanema-g8cd6f0a04f0c,i80,cfs_wwc scheduling policy,512,49.02
2076,2076,kbuild 4.19,4.19.0-ipanema-g8cd6f0a04f0c,i80,cfs_wwc scheduling policy,32,58.27
2077,2077,kbuild 4.19,4.19.0-ipanema-g8cd6f0a04f0c,i80,cfs_wwc scheduling policy,128,47.67
2078,2078,kbuild 4.19,4.19.0-ipanema-g8cd6f0a04f0c,i80,cfs_wwc scheduling policy,32,57.79
2079,2079,kbuild 4.19,4.19.0-ipanema-g8cd6f0a04f0c,i80,cfs_wwc scheduling policy,512,49.67
2080,2080,kbuild 4.19,4.19.0-ipanema-g8cd6f0a04f0c,i80,cfs_wwc scheduling policy,512,49.72
2081,2081,kbuild 4.19,4.19.0-ipanema-g8cd6f0a04f0c,i80,cfs_wwc scheduling policy,512,49.55
2082,2082,kbuild 4.19,4.19.0-ipanema-g8cd6f0a04f0c,i80,cfs_wwc scheduling policy,32,58.68
2083,2083,kbuild 4.19,4.19.0-ipanema-g8cd6f0a04f0c,i80,cfs_wwc scheduling policy,256,48.96
2084,2084,kbuild 4.19,4.19.0-ipanema-g8cd6f0a04f0c,i80,cfs_wwc scheduling policy,128,47.32
2085,2085,kbuild 4.19,4.19.0-ipanema-g8cd6f0a04f0c,i80,cfs_wwc scheduling policy,512,48.76
2086,2086,kbuild 4.19,4.19.0-ipanema-g8cd6f0a04f0c,i80,cfs_wwc scheduling policy,128,48.53
2087,2087,kbuild 4.19,4.19.0-ipanema-g8cd6f0a04f0c,i80,cfs_wwc scheduling policy,128,47.1
2088,2088,kbuild 4.19,4.19.0-ipanema-g8cd6f0a04f0c,i80,cfs_wwc scheduling policy,512,48.92
2089,2089,kbuild 4.19,4.19.0-ipanema-g8cd6f0a04f0c,i80,cfs_wwc scheduling policy,128,47.99
2090,2090,kbuild 4.19,4.19.0-ipanema-g8cd6f0a04f0c,i80,cfs_wwc scheduling policy,128,47.82
2091,2091,kbuild 4.19,4.19.0-ipanema-g8cd6f0a04f0c,i80,cfs_wwc scheduling policy,128,47.31
2092,2092,kbuild 4.19,4.19.0-ipanema-g8cd6f0a04f0c,i80,cfs_wwc scheduling policy,64,48.51
2093,2093,kbuild 4.19,4.19.0-ipanema-g8cd6f0a04f0c,i80,cfs_wwc scheduling policy,512,48.98
2094,2094,kbuild 4.19,4.19.0-ipanema-g8cd6f0a04f0c,i80,cfs_wwc scheduling policy,128,47.98
2095,2095,kbuild 4.19,4.19.0-ipanema-g8cd6f0a04f0c,i80,cfs_wwc scheduling policy,32,58.49
2096,2096,kbuild 4.19,4.19.0-ipanema-g8cd6f0a04f0c,i80,cfs_wwc scheduling policy,64,48.4
2097,2097,kbuild 4.19,4.19.0-ipanema-g8cd6f0a04f0c,i80,cfs_wwc scheduling policy,512,49.35
2098,2098,kbuild 4.19,4.19.0-ipanema-g8cd6f0a04f0c,i80,cfs_wwc scheduling policy,256,48.86
2099,2099,kbuild 4.19,4.19.0-ipanema-g8cd6f0a04f0c,i80,cfs_wwc scheduling policy,256,49.77
2100,2100,kbuild 4.19,4.19.0-ipanema-g8cd6f0a04f0c,i80,cfs_wwc scheduling policy,64,48.5
2101,2101,kbuild 4.19,4.19.0-ipanema-g8cd6f0a04f0c,i80,cfs_wwc scheduling policy,256,48.97
2102,2102,kbuild 4.19,4.19.0-ipanema-g8cd6f0a04f0c,i80,cfs_wwc scheduling policy,256,49.1
2103,2103,kbuild 4.19,4.19.0-ipanema-g8cd6f0a04f0c,i80,cfs_wwc scheduling policy,32,58.37
2104,2104,kbuild 4.19,4.19.0-ipanema-g8cd6f0a04f0c,i80,cfs_wwc scheduling policy,32,58.97
2105,2105,kbuild 4.19,4.19.0-ipanema-g8cd6f0a04f0c,i80,cfs_wwc scheduling policy,32,59.89
2106,2106,kbuild 4.19,4.19.0-ipanema-g8cd6f0a04f0c,i80,cfs_wwc scheduling policy,128,47.18
2107,2107,kbuild 4.19,4.19.0-ipanema-g8cd6f0a04f0c,i80,cfs_wwc scheduling policy,512,48.56
2108,2108,kbuild 4.19,4.19.0-ipanema-g8cd6f0a04f0c,i80,cfs_wwc scheduling policy,128,47.66
2109,2109,kbuild 4.19,4.19.0-ipanema-g8cd6f0a04f0c,i80,cfs_wwc scheduling policy,128,47.48
2110,2110,kbuild 4.19,4.19.0-ipanema-g8cd6f0a04f0c,i80,cfs_wwc scheduling policy,512,48.95
2111,2111,kbuild 4.19,4.19.0-ipanema-g8cd6f0a04f0c,i80,cfs_wwc scheduling policy,32,58.29
2112,2112,kbuild 4.19,4.19.0-ipanema-g8cd6f0a04f0c,i80,cfs_wwc scheduling policy,64,49.68
2113,2113,kbuild 4.19,4.19.0-ipanema-g8cd6f0a04f0c,i80,cfs_wwc scheduling policy,512,49.54
2114,2114,kbuild 4.19,4.19.0-ipanema-g8cd6f0a04f0c,i80,cfs_wwc scheduling policy,512,49.62
2115,2115,kbuild 4.19,4.19.0-ipanema-g8cd6f0a04f0c,i80,cfs_wwc scheduling policy,32,58.04
2116,2116,kbuild 4.19,4.19.0-ipanema-g8cd6f0a04f0c,i80,cfs_wwc scheduling policy,256,48.67
2117,2117,kbuild 4.19,4.19.0-ipanema-g8cd6f0a04f0c,i80,cfs_wwc scheduling policy,512,48.39
2118,2118,kbuild 4.19,4.19.0-ipanema-g8cd6f0a04f0c,i80,cfs_wwc scheduling policy,512,49.01
2119,2119,kbuild 4.19,4.19.0-ipanema-g8cd6f0a04f0c,i80,cfs_wwc scheduling policy,256,48.99
2120,2120,kbuild 4.19,4.19.0-ipanema-g8cd6f0a04f0c,i80,cfs_wwc scheduling policy,128,47.69
2121,2121,kbuild 4.19,4.19.0-ipanema-g8cd6f0a04f0c,i80,cfs_wwc scheduling policy,512,49.19
2122,2122,kbuild 4.19,4.19.0-ipanema-g8cd6f0a04f0c,i80,cfs_wwc scheduling policy,128,47.21
2123,2123,kbuild 4.19,4.19.0-ipanema-g8cd6f0a04f0c,i80,cfs_wwc scheduling policy,128,47.49
2124,2124,kbuild 4.19,4.19.0-ipanema-g8cd6f0a04f0c,i80,cfs_wwc scheduling policy,64,49.74
2125,2125,kbuild 4.19,4.19.0-ipanema-g8cd6f0a04f0c,i80,cfs_wwc scheduling policy,64,50.17
2126,2126,kbuild 4.19,4.19.0-ipanema-g8cd6f0a04f0c,i80,cfs_wwc scheduling policy,256,48.69
2127,2127,kbuild 4.19,4.19.0-ipanema-g8cd6f0a04f0c,i80,cfs_wwc scheduling policy,32,58.47
2128,2128,kbuild 4.19,4.19.0-ipanema-g8cd6f0a04f0c,i80,cfs_wwc scheduling policy,128,48.13
2129,2129,kbuild 4.19,4.19.0-ipanema-g8cd6f0a04f0c,i80,cfs_wwc scheduling policy,128,47.55
2130,2130,kbuild 4.19,4.19.0-ipanema-g8cd6f0a04f0c,i80,cfs_wwc scheduling policy,256,48.63
2131,2131,kbuild 4.19,4.19.0-ipanema-g8cd6f0a04f0c,i80,cfs_wwc scheduling policy,128,47.37
2132,2132,kbuild 4.19,4.19.0-ipanema-g8cd6f0a04f0c,i80,cfs_wwc scheduling policy,128,47.21
2133,2133,kbuild 4.19,4.19.0-ipanema-g8cd6f0a04f0c,i80,cfs_wwc scheduling policy,512,48.47
2134,2134,kbuild 4.19,4.19.0-ipanema-g8cd6f0a04f0c,i80,cfs_wwc scheduling policy,64,50.62
2135,2135,kbuild 4.19,4.19.0-ipanema-g8cd6f0a04f0c,i80,cfs_wwc scheduling policy,64,49.15
2136,2136,kbuild 4.19,4.19.0-ipanema-g8cd6f0a04f0c,i80,cfs_wwc scheduling policy,256,49.35
2137,2137,kbuild 4.19,4.19.0-ipanema-g8cd6f0a04f0c,i80,cfs_wwc scheduling policy,64,50.23
2138,2138,kbuild 4.19,4.19.0-ipanema-g8cd6f0a04f0c,i80,cfs_wwc scheduling policy,512,49.46
2139,2139,kbuild 4.19,4.19.0-ipanema-g8cd6f0a04f0c,i80,cfs_wwc scheduling policy,256,49.26
2140,2140,kbuild 4.19,4.19.0-ipanema-g8cd6f0a04f0c,i80,cfs_wwc scheduling policy,64,48.38
2141,2141,kbuild 4.19,4.19.0-ipanema-g8cd6f0a04f0c,i80,cfs_wwc scheduling policy,512,48.95
2142,2142,kbuild 4.19,4.19.0-ipanema-g8cd6f0a04f0c,i80,cfs_wwc scheduling policy,512,48.63
2143,2143,kbuild 4.19,4.19.0-ipanema-g8cd6f0a04f0c,i80,cfs_wwc scheduling policy,128,49.07
2144,2144,kbuild 4.19,4.19.0-ipanema-g8cd6f0a04f0c,i80,cfs_wwc scheduling policy,128,48.05
2145,2145,kbuild 4.19,4.19.0-ipanema-g8cd6f0a04f0c,i80,cfs_wwc scheduling policy,512,48.44
2146,2146,kbuild 4.19,4.19.0-ipanema-g8cd6f0a04f0c,i80,cfs_wwc scheduling policy,64,48.42
2147,2147,kbuild 4.19,4.19.0-ipanema-g8cd6f0a04f0c,i80,cfs_wwc scheduling policy,32,59.09
2148,2148,kbuild 4.19,4.19.0-ipanema-g8cd6f0a04f0c,i80,cfs_wwc scheduling policy,32,58.18
2149,2149,kbuild 4.19,4.19.0-ipanema-g8cd6f0a04f0c,i80,cfs_wwc scheduling policy,256,48.87
2150,2150,kbuild 4.19,4.19.0-ipanema-g8cd6f0a04f0c,i80,cfs_wwc scheduling policy,512,48.77
2151,2151,kbuild 4.19,4.19.0-ipanema-g8cd6f0a04f0c,i80,cfs_wwc scheduling policy,256,48.65
2152,2152,kbuild 4.19,4.19.0-ipanema-g8cd6f0a04f0c,i80,cfs_wwc scheduling policy,256,48.72
2153,2153,kbuild 4.19,4.19.0-ipanema-g8cd6f0a04f0c,i80,cfs_wwc scheduling policy,32,60.34
2154,2154,kbuild 4.19,4.19.0-ipanema-g8cd6f0a04f0c,i80,cfs_wwc scheduling policy,256,48.77
2155,2155,kbuild 4.19,4.19.0-ipanema-g8cd6f0a04f0c,i80,cfs_wwc scheduling policy,512,49.2
2156,2156,kbuild 4.19,4.19.0-ipanema-g8cd6f0a04f0c,i80,cfs_wwc scheduling policy,32,61.74
2157,2157,kbuild 4.19,4.19.0-ipanema-g8cd6f0a04f0c,i80,cfs_wwc scheduling policy,512,49.14
2158,2158,kbuild 4.19,4.19.0-ipanema-g8cd6f0a04f0c,i80,cfs_wwc scheduling policy,256,49.19
2159,2159,kbuild 4.19,4.19.0-ipanema-g8cd6f0a04f0c,i80,cfs_wwc scheduling policy,32,58.2
2160,2160,kbuild 4.19,4.19.0-ipanema-g8cd6f0a04f0c,i80,cfs_wwc scheduling policy,128,47.99
2161,2161,kbuild 4.19,4.19.0-ipanema-g8cd6f0a04f0c,i80,cfs_wwc scheduling policy,64,48.66
2162,2162,kbuild 4.19,4.19.0-ipanema-g8cd6f0a04f0c,i80,cfs_wwc scheduling policy,512,48.8
2163,2163,kbuild 4.19,4.19.0-ipanema-g8cd6f0a04f0c,i80,cfs_wwc scheduling policy,32,58.02
2164,2164,kbuild 4.19,4.19.0-ipanema-g8cd6f0a04f0c,i80,cfs_wwc scheduling policy,32,58.08
2165,2165,kbuild 4.19,4.19.0-ipanema-g8cd6f0a04f0c,i80,cfs_wwc scheduling policy,512,49.1
2166,2166,kbuild 4.19,4.19.0-ipanema-g8cd6f0a04f0c,i80,cfs_wwc scheduling policy,64,48.88
2167,2167,kbuild 4.19,4.19.0-ipanema-g8cd6f0a04f0c,i80,cfs_wwc scheduling policy,32,59.48
2168,2168,kbuild 4.19,4.19.0-ipanema-g8cd6f0a04f0c,i80,cfs_wwc scheduling policy,256,48.78
2169,2169,kbuild 4.19,4.19.0-ipanema-g8cd6f0a04f0c,i80,cfs_wwc scheduling policy,32,58.64
2170,2170,kbuild 4.19,4.19.0-ipanema-g8cd6f0a04f0c,i80,cfs_wwc scheduling policy,64,49.9
2171,2171,kbuild 4.19,4.19.0-ipanema-g8cd6f0a04f0c,i80,cfs_wwc scheduling policy,64,48.87
2172,2172,kbuild 4.19,4.19.0-ipanema-g8cd6f0a04f0c,i80,cfs_wwc scheduling policy,64,50.08
2173,2173,kbuild 4.19,4.19.0-ipanema-g8cd6f0a04f0c,i80,cfs_wwc scheduling policy,32,58.33
2174,2174,kbuild 4.19,4.19.0-ipanema-g8cd6f0a04f0c,i80,cfs_wwc scheduling policy,32,58.24
2175,2175,kbuild 4.19,4.19.0-ipanema-g8cd6f0a04f0c,i80,cfs_wwc scheduling policy,256,49.27
2176,2176,kbuild 4.19,4.19.0-ipanema-g8cd6f0a04f0c,i80,cfs_wwc scheduling policy,128,46.72
2177,2177,kbuild 4.19,4.19.0-ipanema-g8cd6f0a04f0c,i80,cfs_wwc scheduling policy,64,48.94
2178,2178,kbuild 4.19,4.19.0-ipanema-g8cd6f0a04f0c,i80,cfs_wwc scheduling policy,32,58.86
2179,2179,kbuild 4.19,4.19.0-ipanema-g8cd6f0a04f0c,i80,cfs_wwc scheduling policy,64,48.92
2180,2180,kbuild 4.19,4.19.0-ipanema-g8cd6f0a04f0c,i80,cfs_wwc scheduling policy,32,58.12
2181,2181,kbuild 4.19,4.19.0-ipanema-g8cd6f0a04f0c,i80,cfs_wwc scheduling policy,64,49.71
2182,2182,kbuild 4.19,4.19.0-ipanema-g8cd6f0a04f0c,i80,cfs_wwc scheduling policy,512,48.85
2183,2183,kbuild 4.19,4.19.0-ipanema-g8cd6f0a04f0c,i80,cfs_wwc scheduling policy,64,48.34
2184,2184,kbuild 4.19,4.19.0-ipanema-g8cd6f0a04f0c,i80,cfs_wwc scheduling policy,64,51.37
2185,2185,kbuild 4.19,4.19.0-ipanema-g8cd6f0a04f0c,i80,cfs_wwc scheduling policy,64,48.35
2186,2186,kbuild 4.19,4.19.0-ipanema-g8cd6f0a04f0c,i80,cfs_wwc scheduling policy,512,49.39
2187,2187,kbuild 4.19,4.19.0-ipanema-g8cd6f0a04f0c,i80,cfs_wwc scheduling policy,256,48.66
2188,2188,kbuild 4.19,4.19.0-ipanema-g8cd6f0a04f0c,i80,cfs_wwc scheduling policy,128,47.2
2189,2189,kbuild 4.19,4.19.0-ipanema-g8cd6f0a04f0c,i80,cfs_wwc scheduling policy,256,48.84
2190,2190,kbuild 4.19,4.19.0-ipanema-g8cd6f0a04f0c,i80,cfs_wwc scheduling policy,128,48.01
2191,2191,kbuild 4.19,4.19.0-ipanema-g8cd6f0a04f0c,i80,cfs_wwc scheduling policy,128,47.6
2192,2192,kbuild 4.19,4.19.0-ipanema-g8cd6f0a04f0c,i80,cfs_wwc scheduling policy,512,49.13
2193,2193,kbuild 4.19,4.19.0-ipanema-g8cd6f0a04f0c,i80,cfs_wwc scheduling policy,256,48.81
2194,2194,kbuild 4.19,4.19.0-ipanema-g8cd6f0a04f0c,i80,cfs_wwc scheduling policy,256,49.57
2195,2195,kbuild 4.19,4.19.0-ipanema-g8cd6f0a04f0c,i80,cfs_wwc scheduling policy,64,48.98
