,Unnamed: 0,95th_latency,avg_latency,client,client_sched,clients,duration,engine,engine_sched,file,kernel,machine,max_latency,min_latency,throughput
1493,1493,59.99,30.77,sysbench 1.1.0,cfs_wwc_flat scheduling policy,256,300.3876,mysql 8.0.15,cfs_wwc_flat scheduling policy,/home/dc/storage/i44/mysql/8.0.15/eb81a6ceeaf93653072722765e8a70a5/data/fxHNuQeOuO9G9h,4.19.0-ipanema-g9ba5ed25b696,i44,1578.74,2.56,8315.1443
1494,1494,8.9,6.05,sysbench 1.1.0,cfs_wwc_flat scheduling policy,64,300.0111,mysql 8.0.15,cfs_wwc_flat scheduling policy,/home/dc/storage/i44/mysql/8.0.15/eb81a6ceeaf93653072722765e8a70a5/data/IqkY1pCxL5uNz4,4.19.0-ipanema-g9ba5ed25b696,i44,262.68,2.47,10580.7632
1495,1495,8.9,6.07,sysbench 1.1.0,cfs_wwc_flat scheduling policy,64,300.0157,mysql 8.0.15,cfs_wwc_flat scheduling policy,/home/dc/storage/i44/mysql/8.0.15/eb81a6ceeaf93653072722765e8a70a5/data/AWFaCQLWNLoj03,4.19.0-ipanema-g9ba5ed25b696,i44,538.12,2.45,10536.3687
1496,1496,23.95,13.67,sysbench 1.1.0,cfs_wwc_flat scheduling policy,128,300.0292,mysql 8.0.15,cfs_wwc_flat scheduling policy,/home/dc/storage/i44/mysql/8.0.15/eb81a6ceeaf93653072722765e8a70a5/data/zV4LTw6R6lr5Id,4.19.0-ipanema-g9ba5ed25b696,i44,1879.37,2.57,9358.3329
1497,1497,58.92,30.72,sysbench 1.1.0,cfs_wwc_flat scheduling policy,256,300.051,mysql 8.0.15,cfs_wwc_flat scheduling policy,/home/dc/storage/i44/mysql/8.0.15/eb81a6ceeaf93653072722765e8a70a5/data/Mt49KV25gJAzBk,4.19.0-ipanema-g9ba5ed25b696,i44,1643.19,2.5,8331.4616
1498,1498,5.0,3.74,sysbench 1.1.0,cfs_wwc_flat scheduling policy,32,300.0051,mysql 8.0.15,cfs_wwc_flat scheduling policy,/home/dc/storage/i44/mysql/8.0.15/eb81a6ceeaf93653072722765e8a70a5/data/HfXPAInNxwBHvd,4.19.0-ipanema-g9ba5ed25b696,i44,126.98,2.59,8550.0593
1499,1499,23.95,13.69,sysbench 1.1.0,cfs_wwc_flat scheduling policy,128,300.022,mysql 8.0.15,cfs_wwc_flat scheduling policy,/home/dc/storage/i44/mysql/8.0.15/eb81a6ceeaf93653072722765e8a70a5/data/52UHkuW49tGQX1,4.19.0-ipanema-g9ba5ed25b696,i44,736.41,2.56,9347.5469
1500,1500,23.95,13.57,sysbench 1.1.0,cfs_wwc_flat scheduling policy,128,300.0233,mysql 8.0.15,cfs_wwc_flat scheduling policy,/home/dc/storage/i44/mysql/8.0.15/eb81a6ceeaf93653072722765e8a70a5/data/JI1N4Mxc8eapTt,4.19.0-ipanema-g9ba5ed25b696,i44,469.17,2.45,9432.3763
1501,1501,8.9,6.05,sysbench 1.1.0,cfs_wwc_flat scheduling policy,64,300.0114,mysql 8.0.15,cfs_wwc_flat scheduling policy,/home/dc/storage/i44/mysql/8.0.15/eb81a6ceeaf93653072722765e8a70a5/data/3TU3YToQoSXLuk,4.19.0-ipanema-g9ba5ed25b696,i44,652.34,2.52,10568.35
1502,1502,23.95,13.67,sysbench 1.1.0,cfs_wwc_flat scheduling policy,128,300.0293,mysql 8.0.15,cfs_wwc_flat scheduling policy,/home/dc/storage/i44/mysql/8.0.15/eb81a6ceeaf93653072722765e8a70a5/data/oBXJxzAnq4HHmA,4.19.0-ipanema-g9ba5ed25b696,i44,699.47,2.44,9359.0637
1503,1503,5.37,3.76,sysbench 1.1.0,cfs_wwc_flat scheduling policy,32,300.0061,mysql 8.0.15,cfs_wwc_flat scheduling policy,/home/dc/storage/i44/mysql/8.0.15/eb81a6ceeaf93653072722765e8a70a5/data/uzdXcomaPBgkq0,4.19.0-ipanema-g9ba5ed25b696,i44,126.85,2.54,8504.8129
1504,1504,58.92,30.73,sysbench 1.1.0,cfs_wwc_flat scheduling policy,256,300.4837,mysql 8.0.15,cfs_wwc_flat scheduling policy,/home/dc/storage/i44/mysql/8.0.15/eb81a6ceeaf93653072722765e8a70a5/data/8IBwyBUWervQZQ,4.19.0-ipanema-g9ba5ed25b696,i44,1588.73,2.57,8326.1019
1505,1505,8.9,6.03,sysbench 1.1.0,cfs_wwc_flat scheduling policy,64,300.0109,mysql 8.0.15,cfs_wwc_flat scheduling policy,/home/dc/storage/i44/mysql/8.0.15/eb81a6ceeaf93653072722765e8a70a5/data/htNTjjJgSYhKBj,4.19.0-ipanema-g9ba5ed25b696,i44,369.21,2.49,10602.1451
1506,1506,5.37,3.81,sysbench 1.1.0,cfs_wwc_flat scheduling policy,32,300.0054,mysql 8.0.15,cfs_wwc_flat scheduling policy,/home/dc/storage/i44/mysql/8.0.15/eb81a6ceeaf93653072722765e8a70a5/data/6stUrbTMQyU8oE,4.19.0-ipanema-g9ba5ed25b696,i44,771.19,2.52,8399.1868
1507,1507,8.9,6.04,sysbench 1.1.0,cfs_wwc_flat scheduling policy,64,300.0105,mysql 8.0.15,cfs_wwc_flat scheduling policy,/home/dc/storage/i44/mysql/8.0.15/eb81a6ceeaf93653072722765e8a70a5/data/Q9TyyVlscL3Bxy,4.19.0-ipanema-g9ba5ed25b696,i44,150.41,2.56,10585.5903
1508,1508,23.95,13.74,sysbench 1.1.0,cfs_wwc_flat scheduling policy,128,300.0227,mysql 8.0.15,cfs_wwc_flat scheduling policy,/home/dc/storage/i44/mysql/8.0.15/eb81a6ceeaf93653072722765e8a70a5/data/hPziZ60LkQBzKL,4.19.0-ipanema-g9ba5ed25b696,i44,1242.17,2.47,9310.5602
1509,1509,5.28,3.74,sysbench 1.1.0,cfs_wwc_flat scheduling policy,32,300.0101,mysql 8.0.15,cfs_wwc_flat scheduling policy,/home/dc/storage/i44/mysql/8.0.15/eb81a6ceeaf93653072722765e8a70a5/data/4DFev06HYlxNSj,4.19.0-ipanema-g9ba5ed25b696,i44,127.53,2.49,8546.4579
1510,1510,5.28,3.86,sysbench 1.1.0,cfs_wwc_flat scheduling policy,32,300.0049,mysql 8.0.15,cfs_wwc_flat scheduling policy,/home/dc/storage/i44/mysql/8.0.15/eb81a6ceeaf93653072722765e8a70a5/data/CF9gGDHPNEn3Yr,4.19.0-ipanema-g9ba5ed25b696,i44,103.26,2.59,8296.2785
1511,1511,58.92,30.54,sysbench 1.1.0,cfs_wwc_flat scheduling policy,256,300.0536,mysql 8.0.15,cfs_wwc_flat scheduling policy,/home/dc/storage/i44/mysql/8.0.15/eb81a6ceeaf93653072722765e8a70a5/data/6nVdUaascgdOIR,4.19.0-ipanema-g9ba5ed25b696,i44,1446.54,2.54,8379.1274
1512,1512,58.92,30.66,sysbench 1.1.0,cfs_wwc_flat scheduling policy,256,300.0545,mysql 8.0.15,cfs_wwc_flat scheduling policy,/home/dc/storage/i44/mysql/8.0.15/eb81a6ceeaf93653072722765e8a70a5/data/hrQezaRcWk1JHt,4.19.0-ipanema-g9ba5ed25b696,i44,1584.16,2.55,8348.9091
1513,1513,71.83,31.69,sysbench 1.1.0,ule_wwc scheduling policy,256,300.0498,mysql 8.0.15,ule_wwc scheduling policy,/home/dc/storage/i44/mysql/8.0.15/3588e59913a55c969735a37c9520b3e3/data/wRNJPBBpfwB8gb,4.19.0-ipanema-g9ba5ed25b696,i44,1615.12,2.45,8077.1966
1514,1514,22.69,12.8,sysbench 1.1.0,ule_wwc scheduling policy,128,300.0244,mysql 8.0.15,ule_wwc scheduling policy,/home/dc/storage/i44/mysql/8.0.15/3588e59913a55c969735a37c9520b3e3/data/CQUrm17OO7fqmv,4.19.0-ipanema-g9ba5ed25b696,i44,574.41,2.52,9996.7209
1515,1515,22.28,12.7,sysbench 1.1.0,ule_wwc scheduling policy,128,300.0241,mysql 8.0.15,ule_wwc scheduling policy,/home/dc/storage/i44/mysql/8.0.15/3588e59913a55c969735a37c9520b3e3/data/yLzsplq9RuVJfM,4.19.0-ipanema-g9ba5ed25b696,i44,502.51,2.37,10076.8194
1516,1516,8.43,5.6,sysbench 1.1.0,ule_wwc scheduling policy,64,300.0116,mysql 8.0.15,ule_wwc scheduling policy,/home/dc/storage/i44/mysql/8.0.15/3588e59913a55c969735a37c9520b3e3/data/qELqmQo8RPFGxR,4.19.0-ipanema-g9ba5ed25b696,i44,763.67,2.45,11422.7546
1517,1517,22.69,12.76,sysbench 1.1.0,ule_wwc scheduling policy,128,300.0239,mysql 8.0.15,ule_wwc scheduling policy,/home/dc/storage/i44/mysql/8.0.15/3588e59913a55c969735a37c9520b3e3/data/IHTMpCXf8NYhlM,4.19.0-ipanema-g9ba5ed25b696,i44,644.27,2.42,10032.2006
1518,1518,70.55,31.71,sysbench 1.1.0,ule_wwc scheduling policy,256,300.0513,mysql 8.0.15,ule_wwc scheduling policy,/home/dc/storage/i44/mysql/8.0.15/3588e59913a55c969735a37c9520b3e3/data/0anAQmBhBuGbug,4.19.0-ipanema-g9ba5ed25b696,i44,1519.41,2.55,8072.3698
1519,1519,70.55,31.83,sysbench 1.1.0,ule_wwc scheduling policy,256,300.0624,mysql 8.0.15,ule_wwc scheduling policy,/home/dc/storage/i44/mysql/8.0.15/3588e59913a55c969735a37c9520b3e3/data/UVeNBjN3yAxkM9,4.19.0-ipanema-g9ba5ed25b696,i44,1469.93,2.43,8041.5305
1520,1520,5.18,3.66,sysbench 1.1.0,ule_wwc scheduling policy,32,300.0057,mysql 8.0.15,ule_wwc scheduling policy,/home/dc/storage/i44/mysql/8.0.15/3588e59913a55c969735a37c9520b3e3/data/EjCaXXplEjuGuJ,4.19.0-ipanema-g9ba5ed25b696,i44,136.63,2.46,8740.1015
1521,1521,70.55,31.64,sysbench 1.1.0,ule_wwc scheduling policy,256,300.0494,mysql 8.0.15,ule_wwc scheduling policy,/home/dc/storage/i44/mysql/8.0.15/3588e59913a55c969735a37c9520b3e3/data/t3qye3gHK785Gm,4.19.0-ipanema-g9ba5ed25b696,i44,1488.85,2.44,8090.1485
1522,1522,5.18,3.65,sysbench 1.1.0,ule_wwc scheduling policy,32,300.0051,mysql 8.0.15,ule_wwc scheduling policy,/home/dc/storage/i44/mysql/8.0.15/3588e59913a55c969735a37c9520b3e3/data/sDrt53uGjw51cD,4.19.0-ipanema-g9ba5ed25b696,i44,138.99,2.5,8772.6901
1523,1523,22.69,12.77,sysbench 1.1.0,ule_wwc scheduling policy,128,300.0238,mysql 8.0.15,ule_wwc scheduling policy,/home/dc/storage/i44/mysql/8.0.15/3588e59913a55c969735a37c9520b3e3/data/9hvsL5beTGPnhZ,4.19.0-ipanema-g9ba5ed25b696,i44,587.03,2.44,10023.4721
1524,1524,22.69,12.67,sysbench 1.1.0,ule_wwc scheduling policy,128,300.0273,mysql 8.0.15,ule_wwc scheduling policy,/home/dc/storage/i44/mysql/8.0.15/3588e59913a55c969735a37c9520b3e3/data/4RvX5AzE3L5DAu,4.19.0-ipanema-g9ba5ed25b696,i44,446.91,2.45,10096.7438
1525,1525,5.28,3.64,sysbench 1.1.0,ule_wwc scheduling policy,32,300.0053,mysql 8.0.15,ule_wwc scheduling policy,/home/dc/storage/i44/mysql/8.0.15/3588e59913a55c969735a37c9520b3e3/data/hEpv5nQSKCYxvG,4.19.0-ipanema-g9ba5ed25b696,i44,285.48,2.44,8776.9474
1526,1526,5.28,3.67,sysbench 1.1.0,ule_wwc scheduling policy,32,300.0052,mysql 8.0.15,ule_wwc scheduling policy,/home/dc/storage/i44/mysql/8.0.15/3588e59913a55c969735a37c9520b3e3/data/R4HOxoZEIk6yW3,4.19.0-ipanema-g9ba5ed25b696,i44,142.08,2.48,8716.0648
1527,1527,8.28,5.61,sysbench 1.1.0,ule_wwc scheduling policy,64,300.0149,mysql 8.0.15,ule_wwc scheduling policy,/home/dc/storage/i44/mysql/8.0.15/3588e59913a55c969735a37c9520b3e3/data/e3pM0RH7JT6NkP,4.19.0-ipanema-g9ba5ed25b696,i44,459.45,2.46,11408.0307
1528,1528,8.43,5.6,sysbench 1.1.0,ule_wwc scheduling policy,64,300.0109,mysql 8.0.15,ule_wwc scheduling policy,/home/dc/storage/i44/mysql/8.0.15/3588e59913a55c969735a37c9520b3e3/data/g2PRZqQjXnFWv8,4.19.0-ipanema-g9ba5ed25b696,i44,768.99,2.44,11418.3336
1529,1529,5.18,3.65,sysbench 1.1.0,ule_wwc scheduling policy,32,300.005,mysql 8.0.15,ule_wwc scheduling policy,/home/dc/storage/i44/mysql/8.0.15/3588e59913a55c969735a37c9520b3e3/data/3ygT9BfnBW6j7y,4.19.0-ipanema-g9ba5ed25b696,i44,135.68,2.44,8763.4333
1530,1530,8.28,5.6,sysbench 1.1.0,ule_wwc scheduling policy,64,300.01099999999997,mysql 8.0.15,ule_wwc scheduling policy,/home/dc/storage/i44/mysql/8.0.15/3588e59913a55c969735a37c9520b3e3/data/1ONOQuWpNpaNgA,4.19.0-ipanema-g9ba5ed25b696,i44,801.83,2.51,11429.8361
1531,1531,8.43,5.62,sysbench 1.1.0,ule_wwc scheduling policy,64,300.0095,mysql 8.0.15,ule_wwc scheduling policy,/home/dc/storage/i44/mysql/8.0.15/3588e59913a55c969735a37c9520b3e3/data/I5Hv7SomDhDIQf,4.19.0-ipanema-g9ba5ed25b696,i44,801.67,2.47,11377.4499
1532,1532,70.55,31.51,sysbench 1.1.0,ule_wwc scheduling policy,256,300.0507,mysql 8.0.15,ule_wwc scheduling policy,/home/dc/storage/i44/mysql/8.0.15/3588e59913a55c969735a37c9520b3e3/data/iFauSlOGpvRmoA,4.19.0-ipanema-g9ba5ed25b696,i44,1701.53,2.48,8121.8038
1533,1533,22.28,12.69,sysbench 1.1.0,ule scheduling policy,128,300.2185,mysql 8.0.15,ule scheduling policy,/home/dc/storage/i44/mysql/8.0.15/9f9d668925e635b1b77e65329ffe0ca7/data/dUZBvoIwE3jN6P,4.19.0-ipanema-g9ba5ed25b696,i44,435.3,2.4,10078.6271
1534,1534,8.28,5.66,sysbench 1.1.0,ule scheduling policy,64,300.0107,mysql 8.0.15,ule scheduling policy,/home/dc/storage/i44/mysql/8.0.15/9f9d668925e635b1b77e65329ffe0ca7/data/YZeJFw8wXqE7p7,4.19.0-ipanema-g9ba5ed25b696,i44,421.93,2.44,11303.4948
1535,1535,5.18,3.69,sysbench 1.1.0,ule scheduling policy,32,300.0051,mysql 8.0.15,ule scheduling policy,/home/dc/storage/i44/mysql/8.0.15/9f9d668925e635b1b77e65329ffe0ca7/data/065c3vCXLPaBoH,4.19.0-ipanema-g9ba5ed25b696,i44,94.1,2.42,8671.0118
1536,1536,57.87,29.59,sysbench 1.1.0,ule scheduling policy,256,300.1188,mysql 8.0.15,ule scheduling policy,/home/dc/storage/i44/mysql/8.0.15/9f9d668925e635b1b77e65329ffe0ca7/data/pJ4Vmb4mNBt8lw,4.19.0-ipanema-g9ba5ed25b696,i44,1519.65,2.43,8649.2977
1537,1537,5.18,3.7,sysbench 1.1.0,ule scheduling policy,32,300.0048,mysql 8.0.15,ule scheduling policy,/home/dc/storage/i44/mysql/8.0.15/9f9d668925e635b1b77e65329ffe0ca7/data/VOUrjLusYaBH3j,4.19.0-ipanema-g9ba5ed25b696,i44,173.96,2.48,8655.1012
1538,1538,22.28,12.79,sysbench 1.1.0,ule scheduling policy,128,300.0206,mysql 8.0.15,ule scheduling policy,/home/dc/storage/i44/mysql/8.0.15/9f9d668925e635b1b77e65329ffe0ca7/data/s8olnhQOLrP6t8,4.19.0-ipanema-g9ba5ed25b696,i44,541.81,2.43,10008.0301
1539,1539,8.28,5.63,sysbench 1.1.0,ule scheduling policy,64,300.0111,mysql 8.0.15,ule scheduling policy,/home/dc/storage/i44/mysql/8.0.15/9f9d668925e635b1b77e65329ffe0ca7/data/IGEmab9LQpdmIC,4.19.0-ipanema-g9ba5ed25b696,i44,149.29,2.51,11353.6131
1540,1540,5.18,3.68,sysbench 1.1.0,ule scheduling policy,32,300.005,mysql 8.0.15,ule scheduling policy,/home/dc/storage/i44/mysql/8.0.15/9f9d668925e635b1b77e65329ffe0ca7/data/Tn634jn0JPIuPy,4.19.0-ipanema-g9ba5ed25b696,i44,83.34,2.53,8690.0546
1541,1541,5.18,3.74,sysbench 1.1.0,ule scheduling policy,32,300.0049,mysql 8.0.15,ule scheduling policy,/home/dc/storage/i44/mysql/8.0.15/9f9d668925e635b1b77e65329ffe0ca7/data/pN4n7busyw3lUe,4.19.0-ipanema-g9ba5ed25b696,i44,77.49,2.48,8553.5564
1542,1542,57.87,29.54,sysbench 1.1.0,ule scheduling policy,256,300.0565,mysql 8.0.15,ule scheduling policy,/home/dc/storage/i44/mysql/8.0.15/9f9d668925e635b1b77e65329ffe0ca7/data/4kKd9G9TnGvA52,4.19.0-ipanema-g9ba5ed25b696,i44,1678.66,2.49,8664.1908
1543,1543,22.28,12.77,sysbench 1.1.0,ule scheduling policy,128,300.0221,mysql 8.0.15,ule scheduling policy,/home/dc/storage/i44/mysql/8.0.15/9f9d668925e635b1b77e65329ffe0ca7/data/sBsnzLhMBP0oy8,4.19.0-ipanema-g9ba5ed25b696,i44,546.11,2.47,10019.178
1544,1544,57.87,29.55,sysbench 1.1.0,ule scheduling policy,256,300.058,mysql 8.0.15,ule scheduling policy,/home/dc/storage/i44/mysql/8.0.15/9f9d668925e635b1b77e65329ffe0ca7/data/HdOOraTpGfSAbG,4.19.0-ipanema-g9ba5ed25b696,i44,1649.51,2.55,8662.1966
1545,1545,5.18,3.69,sysbench 1.1.0,ule scheduling policy,32,300.0051,mysql 8.0.15,ule scheduling policy,/home/dc/storage/i44/mysql/8.0.15/9f9d668925e635b1b77e65329ffe0ca7/data/krCIIuXmlAFXqs,4.19.0-ipanema-g9ba5ed25b696,i44,92.08,2.51,8665.7339
1546,1546,22.28,12.75,sysbench 1.1.0,ule scheduling policy,128,300.0213,mysql 8.0.15,ule scheduling policy,/home/dc/storage/i44/mysql/8.0.15/9f9d668925e635b1b77e65329ffe0ca7/data/5rYO5Isyba1GTG,4.19.0-ipanema-g9ba5ed25b696,i44,1050.46,2.51,10035.8782
1547,1547,56.84,29.42,sysbench 1.1.0,ule scheduling policy,256,300.0547,mysql 8.0.15,ule scheduling policy,/home/dc/storage/i44/mysql/8.0.15/9f9d668925e635b1b77e65329ffe0ca7/data/Nmw06G4DavfwkJ,4.19.0-ipanema-g9ba5ed25b696,i44,1585.92,2.45,8698.7878
1548,1548,8.28,5.64,sysbench 1.1.0,ule scheduling policy,64,300.0111,mysql 8.0.15,ule scheduling policy,/home/dc/storage/i44/mysql/8.0.15/9f9d668925e635b1b77e65329ffe0ca7/data/JGee0XwpJwMF35,4.19.0-ipanema-g9ba5ed25b696,i44,144.7,2.49,11349.524
1549,1549,22.28,12.8,sysbench 1.1.0,ule scheduling policy,128,300.0224,mysql 8.0.15,ule scheduling policy,/home/dc/storage/i44/mysql/8.0.15/9f9d668925e635b1b77e65329ffe0ca7/data/vxTcdFH0GMIzVT,4.19.0-ipanema-g9ba5ed25b696,i44,561.66,2.42,9993.981
1550,1550,8.28,5.61,sysbench 1.1.0,ule scheduling policy,64,300.0105,mysql 8.0.15,ule scheduling policy,/home/dc/storage/i44/mysql/8.0.15/9f9d668925e635b1b77e65329ffe0ca7/data/5k6Ov3rLvSlzQ3,4.19.0-ipanema-g9ba5ed25b696,i44,146.29,2.4,11412.5487
1551,1551,58.92,29.61,sysbench 1.1.0,ule scheduling policy,256,300.0808,mysql 8.0.15,ule scheduling policy,/home/dc/storage/i44/mysql/8.0.15/9f9d668925e635b1b77e65329ffe0ca7/data/lJ6exwmhxvtciU,4.19.0-ipanema-g9ba5ed25b696,i44,1930.35,2.53,8642.3997
1552,1552,8.28,5.64,sysbench 1.1.0,ule scheduling policy,64,300.0108,mysql 8.0.15,ule scheduling policy,/home/dc/storage/i44/mysql/8.0.15/9f9d668925e635b1b77e65329ffe0ca7/data/J8VqfRXeLx6IWV,4.19.0-ipanema-g9ba5ed25b696,i44,266.41,2.42,11343.0115
1553,1553,22.28,12.47,sysbench 1.1.0,Linux,128,300.0282,mysql 8.0.15,Linux,/home/dc/storage/i44/mysql/8.0.15/d241cbdcdccfe67007e5ca3ec15b5905/data/TPSWtxTy3OuCrE,4.19.0-ipanema-g9ba5ed25b696,i44,545.16,2.53,10264.419
1554,1554,22.69,12.55,sysbench 1.1.0,Linux,128,300.0291,mysql 8.0.15,Linux,/home/dc/storage/i44/mysql/8.0.15/d241cbdcdccfe67007e5ca3ec15b5905/data/OpdL3O1GLUQAJQ,4.19.0-ipanema-g9ba5ed25b696,i44,567.46,2.57,10198.7665
1555,1555,8.13,5.32,sysbench 1.1.0,Linux,64,300.014,mysql 8.0.15,Linux,/home/dc/storage/i44/mysql/8.0.15/d241cbdcdccfe67007e5ca3ec15b5905/data/DMiXvKA5eRLJgI,4.19.0-ipanema-g9ba5ed25b696,i44,116.29,2.49,12016.2206
1556,1556,4.74,3.38,sysbench 1.1.0,Linux,32,300.0067,mysql 8.0.15,Linux,/home/dc/storage/i44/mysql/8.0.15/d241cbdcdccfe67007e5ca3ec15b5905/data/qOF9fJufuSCZiB,4.19.0-ipanema-g9ba5ed25b696,i44,66.65,2.49,9461.6355
1557,1557,54.83,28.85,sysbench 1.1.0,Linux,256,300.1257,mysql 8.0.15,Linux,/home/dc/storage/i44/mysql/8.0.15/d241cbdcdccfe67007e5ca3ec15b5905/data/x9GN2a8kPAvDym,4.19.0-ipanema-g9ba5ed25b696,i44,1499.22,2.61,8869.2052
1558,1558,54.83,28.83,sysbench 1.1.0,Linux,256,300.0802,mysql 8.0.15,Linux,/home/dc/storage/i44/mysql/8.0.15/d241cbdcdccfe67007e5ca3ec15b5905/data/e8eOe49e2cwdBe,4.19.0-ipanema-g9ba5ed25b696,i44,1558.56,2.64,8876.9527
1559,1559,22.69,12.62,sysbench 1.1.0,Linux,128,300.0477,mysql 8.0.15,Linux,/home/dc/storage/i44/mysql/8.0.15/d241cbdcdccfe67007e5ca3ec15b5905/data/C4n5BLPMaZ4E6T,4.19.0-ipanema-g9ba5ed25b696,i44,620.95,2.46,10141.2391
1560,1560,4.74,3.42,sysbench 1.1.0,Linux,32,300.0072,mysql 8.0.15,Linux,/home/dc/storage/i44/mysql/8.0.15/d241cbdcdccfe67007e5ca3ec15b5905/data/2ncL1jWSbc9C3q,4.19.0-ipanema-g9ba5ed25b696,i44,694.57,2.43,9364.2366
1561,1561,22.69,12.61,sysbench 1.1.0,Linux,128,300.0361,mysql 8.0.15,Linux,/home/dc/storage/i44/mysql/8.0.15/d241cbdcdccfe67007e5ca3ec15b5905/data/zA0ayDOHkkNPgn,4.19.0-ipanema-g9ba5ed25b696,i44,528.5,2.51,10146.5615
1562,1562,54.83,28.89,sysbench 1.1.0,Linux,256,300.057,mysql 8.0.15,Linux,/home/dc/storage/i44/mysql/8.0.15/d241cbdcdccfe67007e5ca3ec15b5905/data/Lx8P1v5jSS0KgM,4.19.0-ipanema-g9ba5ed25b696,i44,1641.73,2.66,8858.3623
1563,1563,4.74,3.42,sysbench 1.1.0,Linux,32,300.0062,mysql 8.0.15,Linux,/home/dc/storage/i44/mysql/8.0.15/d241cbdcdccfe67007e5ca3ec15b5905/data/9mDmh8xOaejpXt,4.19.0-ipanema-g9ba5ed25b696,i44,70.18,2.51,9344.543
1564,1564,4.74,3.37,sysbench 1.1.0,Linux,32,300.0067,mysql 8.0.15,Linux,/home/dc/storage/i44/mysql/8.0.15/d241cbdcdccfe67007e5ca3ec15b5905/data/pcpdVmULk4rLzS,4.19.0-ipanema-g9ba5ed25b696,i44,78.3,2.45,9483.4139
1565,1565,8.13,5.35,sysbench 1.1.0,Linux,64,300.0132,mysql 8.0.15,Linux,/home/dc/storage/i44/mysql/8.0.15/d241cbdcdccfe67007e5ca3ec15b5905/data/zaPddYoRq8MjJV,4.19.0-ipanema-g9ba5ed25b696,i44,245.01,2.37,11954.0127
1566,1566,22.28,12.54,sysbench 1.1.0,Linux,128,300.0289,mysql 8.0.15,Linux,/home/dc/storage/i44/mysql/8.0.15/d241cbdcdccfe67007e5ca3ec15b5905/data/eI8SkBBaViPX7C,4.19.0-ipanema-g9ba5ed25b696,i44,599.3,2.54,10207.4108
1567,1567,54.83,28.74,sysbench 1.1.0,Linux,256,300.2375,mysql 8.0.15,Linux,/home/dc/storage/i44/mysql/8.0.15/d241cbdcdccfe67007e5ca3ec15b5905/data/BPjiySNeZYdlBm,4.19.0-ipanema-g9ba5ed25b696,i44,1690.08,2.66,8904.4133
1568,1568,55.82,28.95,sysbench 1.1.0,Linux,256,300.0657,mysql 8.0.15,Linux,/home/dc/storage/i44/mysql/8.0.15/d241cbdcdccfe67007e5ca3ec15b5905/data/Z0efcn3rOUtW5I,4.19.0-ipanema-g9ba5ed25b696,i44,1622.92,2.65,8840.6334
1569,1569,8.13,5.31,sysbench 1.1.0,Linux,64,300.0133,mysql 8.0.15,Linux,/home/dc/storage/i44/mysql/8.0.15/d241cbdcdccfe67007e5ca3ec15b5905/data/jyzCC1TLG2o7lv,4.19.0-ipanema-g9ba5ed25b696,i44,117.89,2.46,12043.6868
1570,1570,7.98,5.3,sysbench 1.1.0,Linux,64,300.0146,mysql 8.0.15,Linux,/home/dc/storage/i44/mysql/8.0.15/d241cbdcdccfe67007e5ca3ec15b5905/data/ZL7HjFH8nAKUa9,4.19.0-ipanema-g9ba5ed25b696,i44,116.33,2.47,12061.9147
1571,1571,4.74,3.4,sysbench 1.1.0,Linux,32,300.0059,mysql 8.0.15,Linux,/home/dc/storage/i44/mysql/8.0.15/d241cbdcdccfe67007e5ca3ec15b5905/data/gh3C7m4o6qs0bb,4.19.0-ipanema-g9ba5ed25b696,i44,235.15,2.4,9404.2142
1572,1572,8.13,5.31,sysbench 1.1.0,Linux,64,300.0142,mysql 8.0.15,Linux,/home/dc/storage/i44/mysql/8.0.15/d241cbdcdccfe67007e5ca3ec15b5905/data/dwdG6dbRtPSsEa,4.19.0-ipanema-g9ba5ed25b696,i44,119.08,2.53,12049.5715
1573,1573,4.91,3.63,sysbench 1.1.0,cfs_wwc scheduling policy,32,300.0047,mysql 8.0.15,cfs_wwc scheduling policy,/home/dc/storage/i44/mysql/8.0.15/c52de8a31631cfbaf80194db7676fe2f/data/YFKVz1l0H2tvd8,4.19.0-ipanema-g9ba5ed25b696,i44,137.35,2.55,8804.3822
1574,1574,21.5,12.57,sysbench 1.1.0,cfs_wwc scheduling policy,128,300.098,mysql 8.0.15,cfs_wwc scheduling policy,/home/dc/storage/i44/mysql/8.0.15/c52de8a31631cfbaf80194db7676fe2f/data/CxmqxwsuTi46F0,4.19.0-ipanema-g9ba5ed25b696,i44,597.47,2.53,10182.714
1575,1575,54.83,28.76,sysbench 1.1.0,cfs_wwc scheduling policy,256,300.0515,mysql 8.0.15,cfs_wwc scheduling policy,/home/dc/storage/i44/mysql/8.0.15/c52de8a31631cfbaf80194db7676fe2f/data/mRCZDrlDhZJJNA,4.19.0-ipanema-g9ba5ed25b696,i44,1473.38,2.53,8898.6955
1576,1576,4.82,3.64,sysbench 1.1.0,cfs_wwc scheduling policy,32,300.0052,mysql 8.0.15,cfs_wwc scheduling policy,/home/dc/storage/i44/mysql/8.0.15/c52de8a31631cfbaf80194db7676fe2f/data/oNsIx9ZB6SpGfo,4.19.0-ipanema-g9ba5ed25b696,i44,138.9,2.49,8786.5485
1577,1577,7.84,5.51,sysbench 1.1.0,cfs_wwc scheduling policy,64,300.0114,mysql 8.0.15,cfs_wwc scheduling policy,/home/dc/storage/i44/mysql/8.0.15/c52de8a31631cfbaf80194db7676fe2f/data/ClWxaxqF3HNnQs,4.19.0-ipanema-g9ba5ed25b696,i44,158.03,2.57,11615.0238
1578,1578,21.5,12.55,sysbench 1.1.0,cfs_wwc scheduling policy,128,300.0263,mysql 8.0.15,cfs_wwc scheduling policy,/home/dc/storage/i44/mysql/8.0.15/c52de8a31631cfbaf80194db7676fe2f/data/wH7cRAHGd0k9GD,4.19.0-ipanema-g9ba5ed25b696,i44,678.58,2.57,10197.7579
1579,1579,4.91,3.7,sysbench 1.1.0,cfs_wwc scheduling policy,32,300.0047,mysql 8.0.15,cfs_wwc scheduling policy,/home/dc/storage/i44/mysql/8.0.15/c52de8a31631cfbaf80194db7676fe2f/data/xzk2QlYB2JVVSn,4.19.0-ipanema-g9ba5ed25b696,i44,135.8,2.66,8639.0468
1580,1580,21.5,12.53,sysbench 1.1.0,cfs_wwc scheduling policy,128,300.0283,mysql 8.0.15,cfs_wwc scheduling policy,/home/dc/storage/i44/mysql/8.0.15/c52de8a31631cfbaf80194db7676fe2f/data/AiKUCApvgUEjIf,4.19.0-ipanema-g9ba5ed25b696,i44,583.79,2.58,10216.3112
1581,1581,21.5,12.47,sysbench 1.1.0,cfs_wwc scheduling policy,128,300.0263,mysql 8.0.15,cfs_wwc scheduling policy,/home/dc/storage/i44/mysql/8.0.15/c52de8a31631cfbaf80194db7676fe2f/data/3a0neXX7cFdqR9,4.19.0-ipanema-g9ba5ed25b696,i44,501.79,2.45,10264.4346
1582,1582,54.83,28.74,sysbench 1.1.0,cfs_wwc scheduling policy,256,300.0629,mysql 8.0.15,cfs_wwc scheduling policy,/home/dc/storage/i44/mysql/8.0.15/c52de8a31631cfbaf80194db7676fe2f/data/vCroguc5es8oa2,4.19.0-ipanema-g9ba5ed25b696,i44,1393.25,2.55,8905.6941
1583,1583,7.84,5.47,sysbench 1.1.0,cfs_wwc scheduling policy,64,300.0101,mysql 8.0.15,cfs_wwc scheduling policy,/home/dc/storage/i44/mysql/8.0.15/c52de8a31631cfbaf80194db7676fe2f/data/JCTUTJf6662w1u,4.19.0-ipanema-g9ba5ed25b696,i44,151.8,2.48,11685.6287
1584,1584,54.83,29.23,sysbench 1.1.0,cfs_wwc scheduling policy,256,300.0539,mysql 8.0.15,cfs_wwc scheduling policy,/home/dc/storage/i44/mysql/8.0.15/c52de8a31631cfbaf80194db7676fe2f/data/WHD5iZEGHqDOn8,4.19.0-ipanema-g9ba5ed25b696,i44,1625.19,2.56,8756.1447
1585,1585,54.83,28.8,sysbench 1.1.0,cfs_wwc scheduling policy,256,300.0552,mysql 8.0.15,cfs_wwc scheduling policy,/home/dc/storage/i44/mysql/8.0.15/c52de8a31631cfbaf80194db7676fe2f/data/UzFoDw691RELOh,4.19.0-ipanema-g9ba5ed25b696,i44,1486.72,2.52,8888.21
1586,1586,5.0,3.64,sysbench 1.1.0,cfs_wwc scheduling policy,32,300.0043,mysql 8.0.15,cfs_wwc scheduling policy,/home/dc/storage/i44/mysql/8.0.15/c52de8a31631cfbaf80194db7676fe2f/data/YvaXBm8n3FBWja,4.19.0-ipanema-g9ba5ed25b696,i44,135.16,2.51,8784.4478
1587,1587,7.84,5.48,sysbench 1.1.0,cfs_wwc scheduling policy,64,300.0109,mysql 8.0.15,cfs_wwc scheduling policy,/home/dc/storage/i44/mysql/8.0.15/c52de8a31631cfbaf80194db7676fe2f/data/eVXtrWBEbCo22C,4.19.0-ipanema-g9ba5ed25b696,i44,155.28,2.51,11676.0786
1588,1588,7.84,5.48,sysbench 1.1.0,cfs_wwc scheduling policy,64,300.0106,mysql 8.0.15,cfs_wwc scheduling policy,/home/dc/storage/i44/mysql/8.0.15/c52de8a31631cfbaf80194db7676fe2f/data/WqJXecTQRv50Io,4.19.0-ipanema-g9ba5ed25b696,i44,156.41,2.52,11664.2699
1589,1589,21.5,12.51,sysbench 1.1.0,cfs_wwc scheduling policy,128,300.0233,mysql 8.0.15,cfs_wwc scheduling policy,/home/dc/storage/i44/mysql/8.0.15/c52de8a31631cfbaf80194db7676fe2f/data/oqTlJy1Sd9LLjt,4.19.0-ipanema-g9ba5ed25b696,i44,618.77,2.51,10230.6955
1590,1590,7.84,5.5,sysbench 1.1.0,cfs_wwc scheduling policy,64,300.01099999999997,mysql 8.0.15,cfs_wwc scheduling policy,/home/dc/storage/i44/mysql/8.0.15/c52de8a31631cfbaf80194db7676fe2f/data/APFZrIqE1m0DX6,4.19.0-ipanema-g9ba5ed25b696,i44,398.46,2.54,11628.5686
1591,1591,4.91,3.63,sysbench 1.1.0,cfs_wwc scheduling policy,32,300.0047,mysql 8.0.15,cfs_wwc scheduling policy,/home/dc/storage/i44/mysql/8.0.15/c52de8a31631cfbaf80194db7676fe2f/data/27fj2UawtZj7P5,4.19.0-ipanema-g9ba5ed25b696,i44,135.39,2.52,8800.9828
1592,1592,54.83,29.0,sysbench 1.1.0,cfs_wwc scheduling policy,256,300.3335,mysql 8.0.15,cfs_wwc scheduling policy,/home/dc/storage/i44/mysql/8.0.15/c52de8a31631cfbaf80194db7676fe2f/data/hHmjqZS24vGXi4,4.19.0-ipanema-g9ba5ed25b696,i44,1582.55,2.54,8825.6387
