,Unnamed: 0,avg_latency,client,client_sched,clients,duration,engine,engine_sched,events,file,kernel,machine,max_latency,min_latency,nr_load_updates,nr_migrations,nr_sleep,nr_switches,nr_uninterruptible,nr_wakeup,p95th_latency,st_mtime,sum_latency,throughput
588,588,30.77,sysbench 1.1.0,cfs_wwc_flat scheduling policy,256,300.3876,mysql 8.0.15,cfs_wwc_flat scheduling policy,2497766,/home/dc/storage/i44/mysql/8.0.15/eb81a6ceeaf93653072722765e8a70a5/data/fxHNuQeOuO9G9h,4.19.0-ipanema-g9ba5ed25b696,i44,1578.74,2.56,,,,,,,59.99,1552509865.4026115,76851967.18,8315.1443
589,589,6.05,sysbench 1.1.0,cfs_wwc_flat scheduling policy,64,300.0111,mysql 8.0.15,cfs_wwc_flat scheduling policy,3174346,/home/dc/storage/i44/mysql/8.0.15/eb81a6ceeaf93653072722765e8a70a5/data/IqkY1pCxL5uNz4,4.19.0-ipanema-g9ba5ed25b696,i44,262.68,2.47,,,,,,,8.9,1552452322.7533648,19192973.41,10580.7632
590,590,6.02,sysbench 1.1.0,cfs_wwc_flat scheduling policy,64,300.0111,mysql 8.0.15,cfs_wwc_flat scheduling policy,3186952,/home/dc/storage/i44/mysql/8.0.15/eb81a6ceeaf93653072722765e8a70a5/data/UVWOin9XYgcyyW,4.19.0-ipanema-g9ba5ed25b696,i44,245.54,2.46,,,,,,,8.9,1552533532.103432,19192503.63,10622.7788
591,591,6.07,sysbench 1.1.0,cfs_wwc_flat scheduling policy,64,300.0157,mysql 8.0.15,cfs_wwc_flat scheduling policy,3161076,/home/dc/storage/i44/mysql/8.0.15/eb81a6ceeaf93653072722765e8a70a5/data/AWFaCQLWNLoj03,4.19.0-ipanema-g9ba5ed25b696,i44,538.12,2.45,,,,,,,8.9,1552490520.1792285,19192769.63,10536.3687
592,592,13.67,sysbench 1.1.0,cfs_wwc_flat scheduling policy,128,300.0292,mysql 8.0.15,cfs_wwc_flat scheduling policy,2807773,/home/dc/storage/i44/mysql/8.0.15/eb81a6ceeaf93653072722765e8a70a5/data/zV4LTw6R6lr5Id,4.19.0-ipanema-g9ba5ed25b696,i44,1879.37,2.57,,,,,,,23.95,1552462497.485326,38392892.76,9358.3329
593,593,30.72,sysbench 1.1.0,cfs_wwc_flat scheduling policy,256,300.051,mysql 8.0.15,cfs_wwc_flat scheduling policy,2499863,/home/dc/storage/i44/mysql/8.0.15/eb81a6ceeaf93653072722765e8a70a5/data/Mt49KV25gJAzBk,4.19.0-ipanema-g9ba5ed25b696,i44,1643.19,2.5,,,,,,,58.92,1552465083.7059414,76797130.33,8331.4616
594,594,3.74,sysbench 1.1.0,cfs_wwc_flat scheduling policy,32,300.0051,mysql 8.0.15,cfs_wwc_flat scheduling policy,2565061,/home/dc/storage/i44/mysql/8.0.15/eb81a6ceeaf93653072722765e8a70a5/data/HfXPAInNxwBHvd,4.19.0-ipanema-g9ba5ed25b696,i44,126.98,2.59,,,,,,,5.0,1552449407.1412802,9595876.26,8550.0593
595,595,13.69,sysbench 1.1.0,cfs_wwc_flat scheduling policy,128,300.022,mysql 8.0.15,cfs_wwc_flat scheduling policy,2804470,/home/dc/storage/i44/mysql/8.0.15/eb81a6ceeaf93653072722765e8a70a5/data/52UHkuW49tGQX1,4.19.0-ipanema-g9ba5ed25b696,i44,736.41,2.56,,,,,,,23.95,1552448438.1389468,38392616.88,9347.5469
596,596,13.57,sysbench 1.1.0,cfs_wwc_flat scheduling policy,128,300.0233,mysql 8.0.15,cfs_wwc_flat scheduling policy,2829933,/home/dc/storage/i44/mysql/8.0.15/eb81a6ceeaf93653072722765e8a70a5/data/JI1N4Mxc8eapTt,4.19.0-ipanema-g9ba5ed25b696,i44,469.17,2.45,,,,,,,23.95,1552492784.9116466,38392177.37,9432.3763
597,597,6.05,sysbench 1.1.0,cfs_wwc_flat scheduling policy,64,300.0114,mysql 8.0.15,cfs_wwc_flat scheduling policy,3170625,/home/dc/storage/i44/mysql/8.0.15/eb81a6ceeaf93653072722765e8a70a5/data/3TU3YToQoSXLuk,4.19.0-ipanema-g9ba5ed25b696,i44,652.34,2.52,,,,,,,8.9,1552460234.6509738,19192713.81,10568.35
598,598,13.67,sysbench 1.1.0,cfs_wwc_flat scheduling policy,128,300.0293,mysql 8.0.15,cfs_wwc_flat scheduling policy,2807993,/home/dc/storage/i44/mysql/8.0.15/eb81a6ceeaf93653072722765e8a70a5/data/oBXJxzAnq4HHmA,4.19.0-ipanema-g9ba5ed25b696,i44,699.47,2.44,,,,,,,23.95,1552513745.9250705,38392516.42,9359.0637
599,599,3.76,sysbench 1.1.0,cfs_wwc_flat scheduling policy,32,300.0061,mysql 8.0.15,cfs_wwc_flat scheduling policy,2551496,/home/dc/storage/i44/mysql/8.0.15/eb81a6ceeaf93653072722765e8a70a5/data/uzdXcomaPBgkq0,4.19.0-ipanema-g9ba5ed25b696,i44,126.85,2.54,,,,,,,5.37,1552511807.4869304,9595797.27,8504.8129
600,600,30.89,sysbench 1.1.0,cfs_wwc_flat scheduling policy,256,300.0881,mysql 8.0.15,cfs_wwc_flat scheduling policy,2485841,/home/dc/storage/i44/mysql/8.0.15/eb81a6ceeaf93653072722765e8a70a5/data/PIdp8dXy5WMRYg,4.19.0-ipanema-g9ba5ed25b696,i44,1708.24,2.45,,,,,,,59.99,1552537742.9427485,76798038.54,8283.7047
601,601,30.73,sysbench 1.1.0,cfs_wwc_flat scheduling policy,256,300.4837,mysql 8.0.15,cfs_wwc_flat scheduling policy,2501858,/home/dc/storage/i44/mysql/8.0.15/eb81a6ceeaf93653072722765e8a70a5/data/8IBwyBUWervQZQ,4.19.0-ipanema-g9ba5ed25b696,i44,1588.73,2.57,,,,,,,58.92,1552451030.0193033,76872295.03,8326.1019
602,602,6.03,sysbench 1.1.0,cfs_wwc_flat scheduling policy,64,300.0109,mysql 8.0.15,cfs_wwc_flat scheduling policy,3180759,/home/dc/storage/i44/mysql/8.0.15/eb81a6ceeaf93653072722765e8a70a5/data/htNTjjJgSYhKBj,4.19.0-ipanema-g9ba5ed25b696,i44,369.21,2.49,,,,,,,8.9,1552510511.713528,19192415.56,10602.1451
603,603,3.8,sysbench 1.1.0,cfs_wwc_flat scheduling policy,32,300.0048,mysql 8.0.15,cfs_wwc_flat scheduling policy,2527821,/home/dc/storage/i44/mysql/8.0.15/eb81a6ceeaf93653072722765e8a70a5/data/o6uN7AtO3EQSwq,4.19.0-ipanema-g9ba5ed25b696,i44,133.89,2.62,,,,,,,5.28,1552534501.4032273,9595800.31,8425.9342
604,604,13.65,sysbench 1.1.0,cfs_wwc_flat scheduling policy,128,300.2328,mysql 8.0.15,cfs_wwc_flat scheduling policy,2813828,/home/dc/storage/i44/mysql/8.0.15/eb81a6ceeaf93653072722765e8a70a5/data/K8O3QPQbAei5Bv,4.19.0-ipanema-g9ba5ed25b696,i44,520.48,2.5,,,,,,,23.95,1552536769.430634,38405124.2,9372.1531
605,605,3.81,sysbench 1.1.0,cfs_wwc_flat scheduling policy,32,300.0054,mysql 8.0.15,cfs_wwc_flat scheduling policy,2519801,/home/dc/storage/i44/mysql/8.0.15/eb81a6ceeaf93653072722765e8a70a5/data/6stUrbTMQyU8oE,4.19.0-ipanema-g9ba5ed25b696,i44,771.19,2.52,,,,,,,5.37,1552494080.3478112,9595961.05,8399.1868
606,606,6.04,sysbench 1.1.0,cfs_wwc_flat scheduling policy,64,300.0105,mysql 8.0.15,cfs_wwc_flat scheduling policy,3175788,/home/dc/storage/i44/mysql/8.0.15/eb81a6ceeaf93653072722765e8a70a5/data/Q9TyyVlscL3Bxy,4.19.0-ipanema-g9ba5ed25b696,i44,150.41,2.56,,,,,,,8.9,1552413570.3261962,19192638.69,10585.5903
607,607,13.74,sysbench 1.1.0,cfs_wwc_flat scheduling policy,128,300.0227,mysql 8.0.15,cfs_wwc_flat scheduling policy,2793379,/home/dc/storage/i44/mysql/8.0.15/eb81a6ceeaf93653072722765e8a70a5/data/hPziZ60LkQBzKL,4.19.0-ipanema-g9ba5ed25b696,i44,1242.17,2.47,,,,,,,23.95,1552414540.1510384,38391785.0,9310.5602
608,608,3.74,sysbench 1.1.0,cfs_wwc_flat scheduling policy,32,300.0101,mysql 8.0.15,cfs_wwc_flat scheduling policy,2564024,/home/dc/storage/i44/mysql/8.0.15/eb81a6ceeaf93653072722765e8a70a5/data/4DFev06HYlxNSj,4.19.0-ipanema-g9ba5ed25b696,i44,127.53,2.49,,,,,,,5.28,1552463466.070713,9595829.23,8546.4579
609,609,3.86,sysbench 1.1.0,cfs_wwc_flat scheduling policy,32,300.0049,mysql 8.0.15,cfs_wwc_flat scheduling policy,2488924,/home/dc/storage/i44/mysql/8.0.15/eb81a6ceeaf93653072722765e8a70a5/data/CF9gGDHPNEn3Yr,4.19.0-ipanema-g9ba5ed25b696,i44,103.26,2.59,,,,,,,5.28,1552416801.8190465,9596213.02,8296.2785
610,610,30.54,sysbench 1.1.0,cfs_wwc_flat scheduling policy,256,300.0536,mysql 8.0.15,cfs_wwc_flat scheduling policy,2514187,/home/dc/storage/i44/mysql/8.0.15/eb81a6ceeaf93653072722765e8a70a5/data/6nVdUaascgdOIR,4.19.0-ipanema-g9ba5ed25b696,i44,1446.54,2.54,,,,,,,58.92,1552411954.9715471,76795311.3,8379.1274
611,611,32.14,sysbench 1.1.0,cfs_wwc_flat scheduling policy,128,300.0524,mysql 8.0.15,cfs_wwc_flat scheduling policy,1194838,/home/dc/storage/i44/mysql/8.0.15/eb81a6ceeaf93653072722765e8a70a5/data/70Ps8eYgYxeFHj,4.19.0-ipanema-g9ba5ed25b696,i44,1430.13,2.26,,,,,,,49.21,1552564755.3592374,38397768.86,3982.0975
612,612,62.2,sysbench 1.1.0,cfs_wwc_flat scheduling policy,256,300.1229,mysql 8.0.15,cfs_wwc_flat scheduling policy,1234958,/home/dc/storage/i44/mysql/8.0.15/eb81a6ceeaf93653072722765e8a70a5/data/j3wBL0ldJug7S6,4.19.0-ipanema-g9ba5ed25b696,i44,1221.28,2.3,,,,,,,121.08,1552565400.0693107,76812118.94,4114.8408
613,613,30.66,sysbench 1.1.0,cfs_wwc_flat scheduling policy,256,300.0545,mysql 8.0.15,cfs_wwc_flat scheduling policy,2505128,/home/dc/storage/i44/mysql/8.0.15/eb81a6ceeaf93653072722765e8a70a5/data/hrQezaRcWk1JHt,4.19.0-ipanema-g9ba5ed25b696,i44,1584.16,2.55,,,,,,,58.92,1552495694.4148905,76795733.74,8348.9091
614,614,31.69,sysbench 1.1.0,ule_wwc scheduling policy,256,300.0498,mysql 8.0.15,ule_wwc scheduling policy,2423561,/home/dc/storage/i44/mysql/8.0.15/3588e59913a55c969735a37c9520b3e3/data/wRNJPBBpfwB8gb,4.19.0-ipanema-g9ba5ed25b696,i44,1615.12,2.45,,,,,,,71.83,1552508893.8080552,76795882.4,8077.1966
615,615,12.8,sysbench 1.1.0,ule_wwc scheduling policy,128,300.0244,mysql 8.0.15,ule_wwc scheduling policy,2999260,/home/dc/storage/i44/mysql/8.0.15/3588e59913a55c969735a37c9520b3e3/data/CQUrm17OO7fqmv,4.19.0-ipanema-g9ba5ed25b696,i44,574.41,2.52,,,,,,,22.69,1552514715.1368468,38392666.47,9996.7209
616,616,12.7,sysbench 1.1.0,ule_wwc scheduling policy,128,300.0241,mysql 8.0.15,ule_wwc scheduling policy,3023289,/home/dc/storage/i44/mysql/8.0.15/3588e59913a55c969735a37c9520b3e3/data/yLzsplq9RuVJfM,4.19.0-ipanema-g9ba5ed25b696,i44,502.51,2.37,,,,,,,22.28,1552461526.9211178,38392062.91,10076.8194
617,617,5.6,sysbench 1.1.0,ule_wwc scheduling policy,64,300.0116,mysql 8.0.15,ule_wwc scheduling policy,3426959,/home/dc/storage/i44/mysql/8.0.15/3588e59913a55c969735a37c9520b3e3/data/qELqmQo8RPFGxR,4.19.0-ipanema-g9ba5ed25b696,i44,763.67,2.45,,,,,,,8.43,1552412924.54851,19192312.71,11422.7546
618,618,12.76,sysbench 1.1.0,ule_wwc scheduling policy,128,300.0239,mysql 8.0.15,ule_wwc scheduling policy,3009900,/home/dc/storage/i44/mysql/8.0.15/3588e59913a55c969735a37c9520b3e3/data/IHTMpCXf8NYhlM,4.19.0-ipanema-g9ba5ed25b696,i44,644.27,2.42,,,,,,,22.69,1552414863.0962353,38392274.53,10032.2006
619,619,31.71,sysbench 1.1.0,ule_wwc scheduling policy,256,300.0513,mysql 8.0.15,ule_wwc scheduling policy,2422125,/home/dc/storage/i44/mysql/8.0.15/3588e59913a55c969735a37c9520b3e3/data/0anAQmBhBuGbug,4.19.0-ipanema-g9ba5ed25b696,i44,1519.41,2.55,,,,,,,70.55,1552466054.4311388,76796742.41,8072.3698
620,620,31.83,sysbench 1.1.0,ule_wwc scheduling policy,256,300.0624,mysql 8.0.15,ule_wwc scheduling policy,2412961,/home/dc/storage/i44/mysql/8.0.15/3588e59913a55c969735a37c9520b3e3/data/UVeNBjN3yAxkM9,4.19.0-ipanema-g9ba5ed25b696,i44,1469.93,2.43,,,,,,,70.55,1552411306.6009705,76798358.97,8041.5305
621,621,3.66,sysbench 1.1.0,ule_wwc scheduling policy,32,300.0057,mysql 8.0.15,ule_wwc scheduling policy,2622080,/home/dc/storage/i44/mysql/8.0.15/3588e59913a55c969735a37c9520b3e3/data/EjCaXXplEjuGuJ,4.19.0-ipanema-g9ba5ed25b696,i44,136.63,2.46,,,,,,,5.18,1552512131.113945,9595618.68,8740.1015
622,622,31.64,sysbench 1.1.0,ule_wwc scheduling policy,256,300.0494,mysql 8.0.15,ule_wwc scheduling policy,2427444,/home/dc/storage/i44/mysql/8.0.15/3588e59913a55c969735a37c9520b3e3/data/t3qye3gHK785Gm,4.19.0-ipanema-g9ba5ed25b696,i44,1488.85,2.44,,,,,,,70.55,1552496341.2077026,76796402.37,8090.1485
623,623,3.65,sysbench 1.1.0,ule_wwc scheduling policy,32,300.0051,mysql 8.0.15,ule_wwc scheduling policy,2631852,/home/dc/storage/i44/mysql/8.0.15/3588e59913a55c969735a37c9520b3e3/data/sDrt53uGjw51cD,4.19.0-ipanema-g9ba5ed25b696,i44,138.99,2.5,,,,,,,5.18,1552494725.062905,9595614.07,8772.6901
624,624,5.6,sysbench 1.1.0,ule_wwc scheduling policy,64,300.0107,mysql 8.0.15,ule_wwc scheduling policy,3428077,/home/dc/storage/i44/mysql/8.0.15/3588e59913a55c969735a37c9520b3e3/data/M1O9Wsdm4F57Za,4.19.0-ipanema-g9ba5ed25b696,i44,785.34,2.49,,,,,,,8.43,1552533208.448716,19192261.05,11426.5154
625,625,12.77,sysbench 1.1.0,ule_wwc scheduling policy,128,300.0238,mysql 8.0.15,ule_wwc scheduling policy,3007280,/home/dc/storage/i44/mysql/8.0.15/3588e59913a55c969735a37c9520b3e3/data/9hvsL5beTGPnhZ,4.19.0-ipanema-g9ba5ed25b696,i44,587.03,2.44,,,,,,,22.69,1552447469.0883133,38392613.35,10023.4721
626,626,3.65,sysbench 1.1.0,ule_wwc scheduling policy,32,300.0051,mysql 8.0.15,ule_wwc scheduling policy,2631473,/home/dc/storage/i44/mysql/8.0.15/3588e59913a55c969735a37c9520b3e3/data/MZQQMvNj7FiIRP,4.19.0-ipanema-g9ba5ed25b696,i44,139.2,2.41,,,,,,,5.28,1552535147.4108756,9595491.59,8771.4281
627,627,12.8,sysbench 1.1.0,ule_wwc scheduling policy,128,300.0351,mysql 8.0.15,ule_wwc scheduling policy,2998983,/home/dc/storage/i44/mysql/8.0.15/3588e59913a55c969735a37c9520b3e3/data/eYaEwo3sxVjSFn,4.19.0-ipanema-g9ba5ed25b696,i44,801.64,2.48,,,,,,,22.69,1552564432.6098714,38393388.73,9995.4394
628,628,12.67,sysbench 1.1.0,ule_wwc scheduling policy,128,300.0273,mysql 8.0.15,ule_wwc scheduling policy,3029299,/home/dc/storage/i44/mysql/8.0.15/3588e59913a55c969735a37c9520b3e3/data/4RvX5AzE3L5DAu,4.19.0-ipanema-g9ba5ed25b696,i44,446.91,2.45,,,,,,,22.69,1552493108.3139765,38392409.06,10096.7438
629,629,3.64,sysbench 1.1.0,ule_wwc scheduling policy,32,300.0053,mysql 8.0.15,ule_wwc scheduling policy,2633131,/home/dc/storage/i44/mysql/8.0.15/3588e59913a55c969735a37c9520b3e3/data/hEpv5nQSKCYxvG,4.19.0-ipanema-g9ba5ed25b696,i44,285.48,2.44,,,,,,,5.28,1552450055.812337,9595514.34,8776.9474
630,630,3.67,sysbench 1.1.0,ule_wwc scheduling policy,32,300.0052,mysql 8.0.15,ule_wwc scheduling policy,2614865,/home/dc/storage/i44/mysql/8.0.15/3588e59913a55c969735a37c9520b3e3/data/R4HOxoZEIk6yW3,4.19.0-ipanema-g9ba5ed25b696,i44,142.08,2.48,,,,,,,5.28,1552464437.2396345,9595594.43,8716.0648
631,631,5.61,sysbench 1.1.0,ule_wwc scheduling policy,64,300.0149,mysql 8.0.15,ule_wwc scheduling policy,3422579,/home/dc/storage/i44/mysql/8.0.15/3588e59913a55c969735a37c9520b3e3/data/e3pM0RH7JT6NkP,4.19.0-ipanema-g9ba5ed25b696,i44,459.45,2.46,,,,,,,8.28,1552490842.7157485,19192586.49,11408.0307
632,632,5.6,sysbench 1.1.0,ule_wwc scheduling policy,64,300.0109,mysql 8.0.15,ule_wwc scheduling policy,3425624,/home/dc/storage/i44/mysql/8.0.15/3588e59913a55c969735a37c9520b3e3/data/g2PRZqQjXnFWv8,4.19.0-ipanema-g9ba5ed25b696,i44,768.99,2.44,,,,,,,8.43,1552452968.5070705,19192327.45,11418.3336
633,633,3.65,sysbench 1.1.0,ule_wwc scheduling policy,32,300.005,mysql 8.0.15,ule_wwc scheduling policy,2629074,/home/dc/storage/i44/mysql/8.0.15/3588e59913a55c969735a37c9520b3e3/data/3ygT9BfnBW6j7y,4.19.0-ipanema-g9ba5ed25b696,i44,135.68,2.44,,,,,,,5.18,1552417446.838697,9595662.66,8763.4333
634,634,31.61,sysbench 1.1.0,ule_wwc scheduling policy,256,300.0566,mysql 8.0.15,ule_wwc scheduling policy,2429272,/home/dc/storage/i44/mysql/8.0.15/3588e59913a55c969735a37c9520b3e3/data/Tc0uS77oGcb00K,4.19.0-ipanema-g9ba5ed25b696,i44,1472.4,2.49,,,,,,,70.55,1552538065.9944751,76797655.24,8096.0461
635,635,5.6,sysbench 1.1.0,ule_wwc scheduling policy,64,300.011,mysql 8.0.15,ule_wwc scheduling policy,3429076,/home/dc/storage/i44/mysql/8.0.15/3588e59913a55c969735a37c9520b3e3/data/1ONOQuWpNpaNgA,4.19.0-ipanema-g9ba5ed25b696,i44,801.83,2.51,,,,,,,8.28,1552511160.79452,19192251.36,11429.8361
636,636,5.62,sysbench 1.1.0,ule_wwc scheduling policy,64,300.0095,mysql 8.0.15,ule_wwc scheduling policy,3413343,/home/dc/storage/i44/mysql/8.0.15/3588e59913a55c969735a37c9520b3e3/data/I5Hv7SomDhDIQf,4.19.0-ipanema-g9ba5ed25b696,i44,801.67,2.47,,,,,,,8.43,1552460557.5282452,19192068.13,11377.4499
637,637,12.82,sysbench 1.1.0,ule_wwc scheduling policy,128,300.0237,mysql 8.0.15,ule_wwc scheduling policy,2993722,/home/dc/storage/i44/mysql/8.0.15/3588e59913a55c969735a37c9520b3e3/data/VRPzsetw2cA998,4.19.0-ipanema-g9ba5ed25b696,i44,512.58,2.47,,,,,,,22.69,1552536117.7442741,38392130.42,9978.2857
638,638,31.51,sysbench 1.1.0,ule_wwc scheduling policy,256,300.0507,mysql 8.0.15,ule_wwc scheduling policy,2436953,/home/dc/storage/i44/mysql/8.0.15/3588e59913a55c969735a37c9520b3e3/data/iFauSlOGpvRmoA,4.19.0-ipanema-g9ba5ed25b696,i44,1701.53,2.48,,,,,,,70.55,1552451353.5552273,76796438.26,8121.8038
639,639,3.76,sysbench 1.1.0,cfs_wwc_flat scheduling policy,32,300.0046,mysql 8.0.15,cfs_wwc_flat scheduling policy,2555166,/home/dc/storage/i44/mysql/8.0.15/91053f321ab75ce335769609e903d481/data/QwDvkb9oWoNfBb,4.19.0-ipanema-gab29e103e36b,i44,72.71,2.66,,,,,,,5.28,1553204979.9284074,9595930.6,8517.0884
640,640,30.83,sysbench 1.1.0,cfs_wwc_flat scheduling policy,256,300.0484,mysql 8.0.15,cfs_wwc_flat scheduling policy,2490663,/home/dc/storage/i44/mysql/8.0.15/91053f321ab75ce335769609e903d481/data/eT57dx8ea9nbrp,4.19.0-ipanema-gab29e103e36b,i44,1750.01,2.52,,,,,,,57.87,1553211021.6769354,76796506.15,8300.8698
641,641,6.08,sysbench 1.1.0,cfs_wwc_flat scheduling policy,64,300.011,mysql 8.0.15,cfs_wwc_flat scheduling policy,3156302,/home/dc/storage/i44/mysql/8.0.15/91053f321ab75ce335769609e903d481/data/elUNmIor4Zlbpi,4.19.0-ipanema-gab29e103e36b,i44,161.22,2.52,,,,,,,8.9,1553121894.2852347,19192646.51,10520.6204
642,642,3.81,sysbench 1.1.0,cfs_wwc_flat scheduling policy,32,300.0048,mysql 8.0.15,cfs_wwc_flat scheduling policy,2515598,/home/dc/storage/i44/mysql/8.0.15/91053f321ab75ce335769609e903d481/data/alnlmZa1TsCmc9,4.19.0-ipanema-gab29e103e36b,i44,126.61,2.64,,,,,,,5.47,1553120926.567901,9595745.96,8385.1914
643,643,6.07,sysbench 1.1.0,cfs_wwc_flat scheduling policy,64,300.0107,mysql 8.0.15,cfs_wwc_flat scheduling policy,3162036,/home/dc/storage/i44/mysql/8.0.15/91053f321ab75ce335769609e903d481/data/9bwd1LVgUwAqmk,4.19.0-ipanema-gab29e103e36b,i44,220.33,2.54,,,,,,,9.06,1553209730.5176485,19192570.34,10539.7444
644,644,30.7,sysbench 1.1.0,cfs_wwc_flat scheduling policy,256,300.0521,mysql 8.0.15,cfs_wwc_flat scheduling policy,2501675,/home/dc/storage/i44/mysql/8.0.15/91053f321ab75ce335769609e903d481/data/qlEVi6QsnqIXcD,4.19.0-ipanema-gab29e103e36b,i44,1914.26,2.57,,,,,,,57.87,1553200781.0991158,76793712.47,8337.4689
645,645,6.07,sysbench 1.1.0,cfs_wwc_flat scheduling policy,64,300.01,mysql 8.0.15,cfs_wwc_flat scheduling policy,3161498,/home/dc/storage/i44/mysql/8.0.15/91053f321ab75ce335769609e903d481/data/PlmHtwuIFIUHVQ,4.19.0-ipanema-gab29e103e36b,i44,207.3,2.59,,,,,,,8.9,1553203366.156924,19192903.2,10537.9757
646,646,3.76,sysbench 1.1.0,cfs_wwc_flat scheduling policy,32,300.005,mysql 8.0.15,cfs_wwc_flat scheduling policy,2550082,/home/dc/storage/i44/mysql/8.0.15/91053f321ab75ce335769609e903d481/data/wWhgim3F8aEDkV,4.19.0-ipanema-gab29e103e36b,i44,87.87,2.64,,,,,,,5.18,1553213282.161807,9595855.96,8500.1329
647,647,13.63,sysbench 1.1.0,cfs_wwc_flat scheduling policy,128,300.0233,mysql 8.0.15,cfs_wwc_flat scheduling policy,2817414,/home/dc/storage/i44/mysql/8.0.15/91053f321ab75ce335769609e903d481/data/TBv3spQ99pa78A,4.19.0-ipanema-gab29e103e36b,i44,661.71,2.49,,,,,,,23.95,1553201103.599458,38392241.82,9390.6509
648,648,31.09,sysbench 1.1.0,cfs_wwc_flat scheduling policy,256,300.1942,mysql 8.0.15,cfs_wwc_flat scheduling policy,2471226,/home/dc/storage/i44/mysql/8.0.15/91053f321ab75ce335769609e903d481/data/lKQZk38nq4d9Xi,4.19.0-ipanema-gab29e103e36b,i44,1633.84,2.51,,,,,,,58.92,1553123508.3042552,76820414.9,8232.0914
649,649,13.74,sysbench 1.1.0,cfs_wwc_flat scheduling policy,128,300.0708,mysql 8.0.15,cfs_wwc_flat scheduling policy,2794678,/home/dc/storage/i44/mysql/8.0.15/91053f321ab75ce335769609e903d481/data/AHRpJSg7ucncxe,4.19.0-ipanema-gab29e103e36b,i44,875.55,2.46,,,,,,,23.95,1553119634.1318407,38394280.98,9313.3947
650,650,13.59,sysbench 1.1.0,cfs_wwc_flat scheduling policy,128,300.0268,mysql 8.0.15,cfs_wwc_flat scheduling policy,2824179,/home/dc/storage/i44/mysql/8.0.15/91053f321ab75ce335769609e903d481/data/jffQTWP1zhi1nZ,4.19.0-ipanema-gab29e103e36b,i44,708.62,2.55,,,,,,,23.95,1553208438.237835,38393147.0,9413.0905
651,651,12.69,sysbench 1.1.0,ule scheduling policy,128,300.2185,mysql 8.0.15,ule scheduling policy,3025790,/home/dc/storage/i44/mysql/8.0.15/9f9d668925e635b1b77e65329ffe0ca7/data/dUZBvoIwE3jN6P,4.19.0-ipanema-g9ba5ed25b696,i44,435.3,2.4,,,,,,,22.28,1552415509.3704336,38404729.84,10078.6271
652,652,5.66,sysbench 1.1.0,ule scheduling policy,64,300.0107,mysql 8.0.15,ule scheduling policy,3391169,/home/dc/storage/i44/mysql/8.0.15/9f9d668925e635b1b77e65329ffe0ca7/data/YZeJFw8wXqE7p7,4.19.0-ipanema-g9ba5ed25b696,i44,421.93,2.44,,,,,,,8.28,1552491811.8587728,19192268.79,11303.4948
653,653,5.64,sysbench 1.1.0,ule scheduling policy,64,300.0108,mysql 8.0.15,ule scheduling policy,3405203,/home/dc/storage/i44/mysql/8.0.15/9f9d668925e635b1b77e65329ffe0ca7/data/tGyuwfvGlax43I,4.19.0-ipanema-g9ba5ed25b696,i44,151.7,2.5,,,,,,,8.28,1552532885.1922324,19192333.96,11350.269
654,654,3.69,sysbench 1.1.0,ule scheduling policy,32,300.0051,mysql 8.0.15,ule scheduling policy,2601348,/home/dc/storage/i44/mysql/8.0.15/9f9d668925e635b1b77e65329ffe0ca7/data/065c3vCXLPaBoH,4.19.0-ipanema-g9ba5ed25b696,i44,94.1,2.42,,,,,,,5.18,1552463788.337202,9595543.24,8671.0118
655,655,29.59,sysbench 1.1.0,ule scheduling policy,256,300.1188,mysql 8.0.15,ule scheduling policy,2595817,/home/dc/storage/i44/mysql/8.0.15/9f9d668925e635b1b77e65329ffe0ca7/data/pJ4Vmb4mNBt8lw,4.19.0-ipanema-g9ba5ed25b696,i44,1519.65,2.43,,,,,,,57.87,1552509216.8764489,76802592.72,8649.2977
656,656,3.7,sysbench 1.1.0,ule scheduling policy,32,300.0048,mysql 8.0.15,ule scheduling policy,2596572,/home/dc/storage/i44/mysql/8.0.15/9f9d668925e635b1b77e65329ffe0ca7/data/VOUrjLusYaBH3j,4.19.0-ipanema-g9ba5ed25b696,i44,173.96,2.48,,,,,,,5.18,1552449084.8968375,9595542.34,8655.1012
657,657,12.79,sysbench 1.1.0,ule scheduling policy,128,300.0206,mysql 8.0.15,ule scheduling policy,3002615,/home/dc/storage/i44/mysql/8.0.15/9f9d668925e635b1b77e65329ffe0ca7/data/s8olnhQOLrP6t8,4.19.0-ipanema-g9ba5ed25b696,i44,541.81,2.43,,,,,,,22.28,1552462820.53405,38392251.57,10008.0301
658,658,5.63,sysbench 1.1.0,ule scheduling policy,64,300.0111,mysql 8.0.15,ule scheduling policy,3406210,/home/dc/storage/i44/mysql/8.0.15/9f9d668925e635b1b77e65329ffe0ca7/data/IGEmab9LQpdmIC,4.19.0-ipanema-g9ba5ed25b696,i44,149.29,2.51,,,,,,,8.28,1552451999.8886638,19192323.87,11353.6131
659,659,3.68,sysbench 1.1.0,ule scheduling policy,32,300.005,mysql 8.0.15,ule scheduling policy,2607060,/home/dc/storage/i44/mysql/8.0.15/9f9d668925e635b1b77e65329ffe0ca7/data/Tn634jn0JPIuPy,4.19.0-ipanema-g9ba5ed25b696,i44,83.34,2.53,,,,,,,5.18,1552493757.4836898,9595395.62,8690.0546
660,660,3.74,sysbench 1.1.0,ule scheduling policy,32,300.0049,mysql 8.0.15,ule scheduling policy,2566109,/home/dc/storage/i44/mysql/8.0.15/9f9d668925e635b1b77e65329ffe0ca7/data/pN4n7busyw3lUe,4.19.0-ipanema-g9ba5ed25b696,i44,77.49,2.48,,,,,,,5.18,1552512776.9736097,9595430.72,8553.5564
661,661,12.74,sysbench 1.1.0,ule scheduling policy,128,300.0225,mysql 8.0.15,ule scheduling policy,3012490,/home/dc/storage/i44/mysql/8.0.15/9f9d668925e635b1b77e65329ffe0ca7/data/f0PmXQdYTqS78h,4.19.0-ipanema-g9ba5ed25b696,i44,545.05,2.42,,,,,,,22.28,1552537095.1526375,38392344.98,10040.8813
662,662,29.54,sysbench 1.1.0,ule scheduling policy,256,300.0565,mysql 8.0.15,ule scheduling policy,2599747,/home/dc/storage/i44/mysql/8.0.15/9f9d668925e635b1b77e65329ffe0ca7/data/4kKd9G9TnGvA52,4.19.0-ipanema-g9ba5ed25b696,i44,1678.66,2.49,,,,,,,57.87,1552464760.2214415,76796895.84,8664.1908
663,663,12.77,sysbench 1.1.0,ule scheduling policy,128,300.0221,mysql 8.0.15,ule scheduling policy,3005975,/home/dc/storage/i44/mysql/8.0.15/9f9d668925e635b1b77e65329ffe0ca7/data/sBsnzLhMBP0oy8,4.19.0-ipanema-g9ba5ed25b696,i44,546.11,2.47,,,,,,,22.28,1552447792.3570125,38392274.25,10019.178
664,664,29.51,sysbench 1.1.0,ule scheduling policy,256,300.049,mysql 8.0.15,ule scheduling policy,2602770,/home/dc/storage/i44/mysql/8.0.15/9f9d668925e635b1b77e65329ffe0ca7/data/Duy0bMnlkOiRKT,4.19.0-ipanema-g9ba5ed25b696,i44,1620.77,2.6,,,,,,,58.92,1552538712.1220922,76796071.23,8674.4846
665,665,3.69,sysbench 1.1.0,ule scheduling policy,32,300.0048,mysql 8.0.15,ule scheduling policy,2601329,/home/dc/storage/i44/mysql/8.0.15/9f9d668925e635b1b77e65329ffe0ca7/data/i0yASVZFvivL3W,4.19.0-ipanema-g9ba5ed25b696,i44,88.48,2.44,,,,,,,5.18,1552535794.0118628,9595533.48,8670.9568
666,666,29.55,sysbench 1.1.0,ule scheduling policy,256,300.058,mysql 8.0.15,ule scheduling policy,2599161,/home/dc/storage/i44/mysql/8.0.15/9f9d668925e635b1b77e65329ffe0ca7/data/HdOOraTpGfSAbG,4.19.0-ipanema-g9ba5ed25b696,i44,1649.51,2.55,,,,,,,57.87,1552450702.8101268,76795739.59,8662.1966
667,667,12.77,sysbench 1.1.0,ule scheduling policy,128,300.024,mysql 8.0.15,ule scheduling policy,3006590,/home/dc/storage/i44/mysql/8.0.15/9f9d668925e635b1b77e65329ffe0ca7/data/lqPxhGgHYOJcbF,4.19.0-ipanema-g9ba5ed25b696,i44,541.6,2.54,,,,,,,22.28,1552563783.0279298,38392208.3,10021.1657
668,668,3.69,sysbench 1.1.0,ule scheduling policy,32,300.0051,mysql 8.0.15,ule scheduling policy,2599764,/home/dc/storage/i44/mysql/8.0.15/9f9d668925e635b1b77e65329ffe0ca7/data/krCIIuXmlAFXqs,4.19.0-ipanema-g9ba5ed25b696,i44,92.08,2.51,,,,,,,5.18,1552416478.8417735,9595391.05,8665.7339
669,669,12.75,sysbench 1.1.0,ule scheduling policy,128,300.0213,mysql 8.0.15,ule scheduling policy,3010977,/home/dc/storage/i44/mysql/8.0.15/9f9d668925e635b1b77e65329ffe0ca7/data/5rYO5Isyba1GTG,4.19.0-ipanema-g9ba5ed25b696,i44,1050.46,2.51,,,,,,,22.28,1552492461.6352465,38392192.64,10035.8782
670,670,29.42,sysbench 1.1.0,ule scheduling policy,256,300.0547,mysql 8.0.15,ule scheduling policy,2610112,/home/dc/storage/i44/mysql/8.0.15/9f9d668925e635b1b77e65329ffe0ca7/data/Nmw06G4DavfwkJ,4.19.0-ipanema-g9ba5ed25b696,i44,1585.92,2.45,,,,,,,56.84,1552496664.6398466,76798068.38,8698.7878
671,671,5.64,sysbench 1.1.0,ule scheduling policy,64,300.0111,mysql 8.0.15,ule scheduling policy,3404983,/home/dc/storage/i44/mysql/8.0.15/9f9d668925e635b1b77e65329ffe0ca7/data/JGee0XwpJwMF35,4.19.0-ipanema-g9ba5ed25b696,i44,144.7,2.49,,,,,,,8.28,1552511483.5440605,19192032.67,11349.524
672,672,12.8,sysbench 1.1.0,ule scheduling policy,128,300.0224,mysql 8.0.15,ule scheduling policy,2998418,/home/dc/storage/i44/mysql/8.0.15/9f9d668925e635b1b77e65329ffe0ca7/data/vxTcdFH0GMIzVT,4.19.0-ipanema-g9ba5ed25b696,i44,561.66,2.42,,,,,,,22.28,1552514068.7376747,38392559.7,9993.981
673,673,5.61,sysbench 1.1.0,ule scheduling policy,64,300.0105,mysql 8.0.15,ule scheduling policy,3423884,/home/dc/storage/i44/mysql/8.0.15/9f9d668925e635b1b77e65329ffe0ca7/data/5k6Ov3rLvSlzQ3,4.19.0-ipanema-g9ba5ed25b696,i44,146.29,2.4,,,,,,,8.28,1552460880.8264663,19192445.88,11412.5487
674,674,29.61,sysbench 1.1.0,ule scheduling policy,256,300.0808,mysql 8.0.15,ule scheduling policy,2593418,/home/dc/storage/i44/mysql/8.0.15/9f9d668925e635b1b77e65329ffe0ca7/data/lJ6exwmhxvtciU,4.19.0-ipanema-g9ba5ed25b696,i44,1930.35,2.53,,,,,,,58.92,1552412602.0254328,76795955.9,8642.3997
675,675,5.64,sysbench 1.1.0,ule scheduling policy,64,300.0108,mysql 8.0.15,ule scheduling policy,3403026,/home/dc/storage/i44/mysql/8.0.15/9f9d668925e635b1b77e65329ffe0ca7/data/J8VqfRXeLx6IWV,4.19.0-ipanema-g9ba5ed25b696,i44,266.41,2.42,,,,,,,8.28,1552413893.6015294,19192720.86,11343.0115
676,676,12.47,sysbench 1.1.0,Linux,128,300.0282,mysql 8.0.15,Linux,3079615,/home/dc/storage/i44/mysql/8.0.15/d241cbdcdccfe67007e5ca3ec15b5905/data/TPSWtxTy3OuCrE,4.19.0-ipanema-g9ba5ed25b696,i44,545.16,2.53,,,,,,,22.28,1552461850.6114633,38390059.63,10264.419
677,677,12.55,sysbench 1.1.0,Linux,128,300.0291,mysql 8.0.15,Linux,3059927,/home/dc/storage/i44/mysql/8.0.15/d241cbdcdccfe67007e5ca3ec15b5905/data/OpdL3O1GLUQAJQ,4.19.0-ipanema-g9ba5ed25b696,i44,567.46,2.57,,,,,,,22.69,1552415832.893699,38390740.19,10198.7665
678,678,5.32,sysbench 1.1.0,Linux,64,300.014,mysql 8.0.15,Linux,3605034,/home/dc/storage/i44/mysql/8.0.15/d241cbdcdccfe67007e5ca3ec15b5905/data/DMiXvKA5eRLJgI,4.19.0-ipanema-g9ba5ed25b696,i44,116.29,2.49,,,,,,,8.13,1552510837.4488986,19191252.25,12016.2206
679,679,28.72,sysbench 1.1.0,Linux,256,300.0722,mysql 8.0.15,Linux,2674185,/home/dc/storage/i44/mysql/8.0.15/d241cbdcdccfe67007e5ca3ec15b5905/data/6okhYnCY2IKqzR,4.19.0-ipanema-g9ba5ed25b696,i44,1507.48,2.72,,,,,,,55.82,1552539035.4316127,76795861.82,8911.8062
680,680,3.38,sysbench 1.1.0,Linux,32,300.0067,mysql 8.0.15,Linux,2838554,/home/dc/storage/i44/mysql/8.0.15/d241cbdcdccfe67007e5ca3ec15b5905/data/qOF9fJufuSCZiB,4.19.0-ipanema-g9ba5ed25b696,i44,66.65,2.49,,,,,,,4.74,1552494402.4620776,9594735.92,9461.6355
681,681,28.85,sysbench 1.1.0,Linux,256,300.1257,mysql 8.0.15,Linux,2661876,/home/dc/storage/i44/mysql/8.0.15/d241cbdcdccfe67007e5ca3ec15b5905/data/x9GN2a8kPAvDym,4.19.0-ipanema-g9ba5ed25b696,i44,1499.22,2.61,,,,,,,54.83,1552451677.1986954,76802188.46,8869.2052
682,682,63.37,sysbench 1.1.0,Linux,256,300.1084,mysql 8.0.15,Linux,1211889,/home/dc/storage/i44/mysql/8.0.15/d241cbdcdccfe67007e5ca3ec15b5905/data/kvjliaX9RXkfNK,4.19.0-ipanema-g9ba5ed25b696,i44,3632.22,2.64,,,,,,,118.92,1552565077.5235765,76799460.59,4038.171
683,683,28.83,sysbench 1.1.0,Linux,256,300.0802,mysql 8.0.15,Linux,2663798,/home/dc/storage/i44/mysql/8.0.15/d241cbdcdccfe67007e5ca3ec15b5905/data/e8eOe49e2cwdBe,4.19.0-ipanema-g9ba5ed25b696,i44,1558.56,2.64,,,,,,,54.83,1552495370.8428268,76796418.41,8876.9527
684,684,12.62,sysbench 1.1.0,Linux,128,300.0477,mysql 8.0.15,Linux,3042855,/home/dc/storage/i44/mysql/8.0.15/d241cbdcdccfe67007e5ca3ec15b5905/data/C4n5BLPMaZ4E6T,4.19.0-ipanema-g9ba5ed25b696,i44,620.95,2.46,,,,,,,22.69,1552513422.3250382,38391142.49,10141.2391
685,685,3.42,sysbench 1.1.0,Linux,32,300.0072,mysql 8.0.15,Linux,2809338,/home/dc/storage/i44/mysql/8.0.15/d241cbdcdccfe67007e5ca3ec15b5905/data/2ncL1jWSbc9C3q,4.19.0-ipanema-g9ba5ed25b696,i44,694.57,2.43,,,,,,,4.74,1552464110.890299,9594654.46,9364.2366
686,686,12.61,sysbench 1.1.0,Linux,128,300.0361,mysql 8.0.15,Linux,3044335,/home/dc/storage/i44/mysql/8.0.15/d241cbdcdccfe67007e5ca3ec15b5905/data/zA0ayDOHkkNPgn,4.19.0-ipanema-g9ba5ed25b696,i44,528.5,2.51,,,,,,,22.69,1552447145.0911427,38391953.65,10146.5615
687,687,28.89,sysbench 1.1.0,Linux,256,300.057,mysql 8.0.15,Linux,2658014,/home/dc/storage/i44/mysql/8.0.15/d241cbdcdccfe67007e5ca3ec15b5905/data/Lx8P1v5jSS0KgM,4.19.0-ipanema-g9ba5ed25b696,i44,1641.73,2.66,,,,,,,54.83,1552509541.0789993,76791392.52,8858.3623
688,688,3.42,sysbench 1.1.0,Linux,32,300.0062,mysql 8.0.15,Linux,2803421,/home/dc/storage/i44/mysql/8.0.15/d241cbdcdccfe67007e5ca3ec15b5905/data/9mDmh8xOaejpXt,4.19.0-ipanema-g9ba5ed25b696,i44,70.18,2.51,,,,,,,4.74,1552449732.9171982,9594987.79,9344.543
689,689,3.37,sysbench 1.1.0,Linux,32,300.0067,mysql 8.0.15,Linux,2845088,/home/dc/storage/i44/mysql/8.0.15/d241cbdcdccfe67007e5ca3ec15b5905/data/pcpdVmULk4rLzS,4.19.0-ipanema-g9ba5ed25b696,i44,78.3,2.45,,,,,,,4.74,1552417124.218759,9594876.72,9483.4139
690,690,5.35,sysbench 1.1.0,Linux,64,300.0132,mysql 8.0.15,Linux,3586361,/home/dc/storage/i44/mysql/8.0.15/d241cbdcdccfe67007e5ca3ec15b5905/data/zaPddYoRq8MjJV,4.19.0-ipanema-g9ba5ed25b696,i44,245.01,2.37,,,,,,,8.13,1552452645.6548874,19191066.21,11954.0127
691,691,5.35,sysbench 1.1.0,Linux,64,300.0142,mysql 8.0.15,Linux,3587355,/home/dc/storage/i44/mysql/8.0.15/d241cbdcdccfe67007e5ca3ec15b5905/data/hHrOj6JkKqK366,4.19.0-ipanema-g9ba5ed25b696,i44,109.61,2.49,,,,,,,8.13,1552533855.038374,19191133.11,11957.2845
692,692,12.54,sysbench 1.1.0,Linux,128,300.0289,mysql 8.0.15,Linux,3062518,/home/dc/storage/i44/mysql/8.0.15/d241cbdcdccfe67007e5ca3ec15b5905/data/eI8SkBBaViPX7C,4.19.0-ipanema-g9ba5ed25b696,i44,599.3,2.54,,,,,,,22.28,1552493431.3820012,38391178.93,10207.4108
693,693,3.37,sysbench 1.1.0,Linux,32,300.0065,mysql 8.0.15,Linux,2844730,/home/dc/storage/i44/mysql/8.0.15/d241cbdcdccfe67007e5ca3ec15b5905/data/xCxpYOJI5bzyz0,4.19.0-ipanema-g9ba5ed25b696,i44,49.71,2.48,,,,,,,4.74,1552535470.5269086,9594645.36,9482.2293
694,694,12.56,sysbench 1.1.0,Linux,128,300.0298,mysql 8.0.15,Linux,3056714,/home/dc/storage/i44/mysql/8.0.15/d241cbdcdccfe67007e5ca3ec15b5905/data/jSrc1NN9YGcy5E,4.19.0-ipanema-g9ba5ed25b696,i44,613.06,2.58,,,,,,,22.69,1552563460.2828677,38391030.92,10188.035
695,695,28.74,sysbench 1.1.0,Linux,256,300.2375,mysql 8.0.15,Linux,2673439,/home/dc/storage/i44/mysql/8.0.15/d241cbdcdccfe67007e5ca3ec15b5905/data/BPjiySNeZYdlBm,4.19.0-ipanema-g9ba5ed25b696,i44,1690.08,2.66,,,,,,,54.83,1552411630.4010527,76831449.93,8904.4133
696,696,28.95,sysbench 1.1.0,Linux,256,300.0657,mysql 8.0.15,Linux,2652771,/home/dc/storage/i44/mysql/8.0.15/d241cbdcdccfe67007e5ca3ec15b5905/data/Z0efcn3rOUtW5I,4.19.0-ipanema-g9ba5ed25b696,i44,1622.92,2.65,,,,,,,55.82,1552465731.150552,76793016.23,8840.6334
697,697,5.31,sysbench 1.1.0,Linux,64,300.0133,mysql 8.0.15,Linux,3613266,/home/dc/storage/i44/mysql/8.0.15/d241cbdcdccfe67007e5ca3ec15b5905/data/jyzCC1TLG2o7lv,4.19.0-ipanema-g9ba5ed25b696,i44,117.89,2.46,,,,,,,8.13,1552491165.7155938,19191186.12,12043.6868
698,698,5.3,sysbench 1.1.0,Linux,64,300.0146,mysql 8.0.15,Linux,3618751,/home/dc/storage/i44/mysql/8.0.15/d241cbdcdccfe67007e5ca3ec15b5905/data/ZL7HjFH8nAKUa9,4.19.0-ipanema-g9ba5ed25b696,i44,116.33,2.47,,,,,,,7.98,1552459912.050452,19191119.8,12061.9147
699,699,3.4,sysbench 1.1.0,Linux,32,300.0059,mysql 8.0.15,Linux,2821320,/home/dc/storage/i44/mysql/8.0.15/d241cbdcdccfe67007e5ca3ec15b5905/data/gh3C7m4o6qs0bb,4.19.0-ipanema-g9ba5ed25b696,i44,235.15,2.4,,,,,,,4.74,1552513099.504689,9594817.28,9404.2142
700,700,12.56,sysbench 1.1.0,Linux,128,300.0318,mysql 8.0.15,Linux,3056386,/home/dc/storage/i44/mysql/8.0.15/d241cbdcdccfe67007e5ca3ec15b5905/data/IkVaog7ihtHuXQ,4.19.0-ipanema-g9ba5ed25b696,i44,585.63,2.56,,,,,,,22.69,1552537418.8747885,38390760.7,10186.8749
701,701,5.31,sysbench 1.1.0,Linux,64,300.0142,mysql 8.0.15,Linux,3615042,/home/dc/storage/i44/mysql/8.0.15/d241cbdcdccfe67007e5ca3ec15b5905/data/dwdG6dbRtPSsEa,4.19.0-ipanema-g9ba5ed25b696,i44,119.08,2.53,,,,,,,8.13,1552413247.274809,19191381.05,12049.5715
702,702,5.64,sysbench 1.1.0,ule_wwc scheduling policy,64,300.0102,mysql 8.0.15,ule_wwc scheduling policy,3404143,/home/dc/storage/i44/mysql/8.0.15/3456a8e383df853530dd39684691bf4b/data/WgkuhuHkE4p9Z2,4.19.0-ipanema-gab29e103e36b,i44,723.57,2.52,,,,,,,8.43,1553202720.1452634,19192268.29,11346.7558
703,703,3.68,sysbench 1.1.0,ule_wwc scheduling policy,32,300.0052,mysql 8.0.15,ule_wwc scheduling policy,2610237,/home/dc/storage/i44/mysql/8.0.15/3456a8e383df853530dd39684691bf4b/data/h6cdEI7cckKk26,4.19.0-ipanema-gab29e103e36b,i44,79.85,2.57,,,,,,,5.18,1553204333.8845901,9595533.14,8700.6386
704,704,5.65,sysbench 1.1.0,ule_wwc scheduling policy,64,300.0108,mysql 8.0.15,ule_wwc scheduling policy,3399267,/home/dc/storage/i44/mysql/8.0.15/3456a8e383df853530dd39684691bf4b/data/HzQxGQYJhWfOAM,4.19.0-ipanema-gab29e103e36b,i44,341.66,2.42,,,,,,,8.43,1553210376.5801206,19192210.17,11330.4829
705,705,5.68,sysbench 1.1.0,ule_wwc scheduling policy,64,300.011,mysql 8.0.15,ule_wwc scheduling policy,3380251,/home/dc/storage/i44/mysql/8.0.15/3456a8e383df853530dd39684691bf4b/data/c3bKQ0ZNNfS7HJ,4.19.0-ipanema-gab29e103e36b,i44,774.16,2.45,,,,,,,8.43,1553122216.8310306,19192305.62,11267.09
706,706,31.41,sysbench 1.1.0,ule_wwc scheduling policy,256,300.0622,mysql 8.0.15,ule_wwc scheduling policy,2445060,/home/dc/storage/i44/mysql/8.0.15/3456a8e383df853530dd39684691bf4b/data/rKgQ4Z9mRL76BJ,4.19.0-ipanema-gab29e103e36b,i44,1346.4,2.5,,,,,,,70.55,1553123185.4014258,76799491.51,8148.5115
707,707,31.24,sysbench 1.1.0,ule_wwc scheduling policy,256,300.0558,mysql 8.0.15,ule_wwc scheduling policy,2458669,/home/dc/storage/i44/mysql/8.0.15/3456a8e383df853530dd39684691bf4b/data/nKczh4LQV6tAW5,4.19.0-ipanema-gab29e103e36b,i44,1734.32,2.4,,,,,,,66.84,1553211668.2533052,76797173.41,8194.0383
708,708,12.79,sysbench 1.1.0,ule_wwc scheduling policy,128,300.0218,mysql 8.0.15,ule_wwc scheduling policy,3000968,/home/dc/storage/i44/mysql/8.0.15/3456a8e383df853530dd39684691bf4b/data/lqDzBXpA1Dtl2C,4.19.0-ipanema-gab29e103e36b,i44,622.61,2.5,,,,,,,22.69,1553208114.8655028,38392503.15,10002.5007
709,709,12.86,sysbench 1.1.0,ule_wwc scheduling policy,128,300.0406,mysql 8.0.15,ule_wwc scheduling policy,2986240,/home/dc/storage/i44/mysql/8.0.15/3456a8e383df853530dd39684691bf4b/data/O1uz09xF0j7Lpc,4.19.0-ipanema-gab29e103e36b,i44,559.25,2.41,,,,,,,22.69,1553118988.3213348,38393303.52,9952.7851
710,710,3.67,sysbench 1.1.0,ule_wwc scheduling policy,32,300.0655,mysql 8.0.15,ule_wwc scheduling policy,2615329,/home/dc/storage/i44/mysql/8.0.15/3456a8e383df853530dd39684691bf4b/data/NqArNStNrfwoAX,4.19.0-ipanema-gab29e103e36b,i44,133.03,2.39,,,,,,,5.28,1553119958.0553682,9595575.43,8715.86
711,711,3.67,sysbench 1.1.0,ule_wwc scheduling policy,32,300.0048,mysql 8.0.15,ule_wwc scheduling policy,2614723,/home/dc/storage/i44/mysql/8.0.15/3456a8e383df853530dd39684691bf4b/data/xlNHbuV91mxNVF,4.19.0-ipanema-gab29e103e36b,i44,86.14,2.59,,,,,,,5.18,1553212959.9657252,9595518.68,8715.6042
712,712,31.1,sysbench 1.1.0,ule_wwc scheduling policy,256,300.0499,mysql 8.0.15,ule_wwc scheduling policy,2469582,/home/dc/storage/i44/mysql/8.0.15/3456a8e383df853530dd39684691bf4b/data/ik3YS8TyWwBHiC,4.19.0-ipanema-gab29e103e36b,i44,1811.3,2.46,,,,,,,68.05,1553199487.5005965,76796403.3,8230.5708
713,713,12.68,sysbench 1.1.0,ule_wwc scheduling policy,128,300.0926,mysql 8.0.15,ule_wwc scheduling policy,3027162,/home/dc/storage/i44/mysql/8.0.15/3456a8e383df853530dd39684691bf4b/data/q5WrA9V748BZeI,4.19.0-ipanema-gab29e103e36b,i44,591.17,2.41,,,,,,,22.28,1553201426.6316915,38396266.71,10087.4273
714,714,3.7,sysbench 1.1.0,cfs_wwc scheduling policy,32,300.005,mysql 8.0.15,cfs_wwc scheduling policy,2595220,/home/dc/storage/i44/mysql/8.0.15/1b5c2dc269049eb1597c1fae92a8f803/data/6ItExLjsnYxDJb,4.19.0-ipanema-gab29e103e36b,i44,60.07,2.58,,,,,,,4.91,1553212313.9895322,9595570.14,8650.5901
715,715,5.52,sysbench 1.1.0,cfs_wwc scheduling policy,64,300.0108,mysql 8.0.15,cfs_wwc scheduling policy,3478116,/home/dc/storage/i44/mysql/8.0.15/1b5c2dc269049eb1597c1fae92a8f803/data/RaqX5adJ5l4rbu,4.19.0-ipanema-gab29e103e36b,i44,122.93,2.64,,,,,,,7.84,1553203043.5290732,19192028.62,11593.3039
716,716,12.56,sysbench 1.1.0,cfs_wwc scheduling policy,128,300.0491,mysql 8.0.15,cfs_wwc scheduling policy,3056060,/home/dc/storage/i44/mysql/8.0.15/1b5c2dc269049eb1597c1fae92a8f803/data/VENKKIa7PncLOd,4.19.0-ipanema-gab29e103e36b,i44,659.14,2.77,,,,,,,21.5,1553207792.0162492,38392920.46,10185.2005
717,717,3.61,sysbench 1.1.0,cfs_wwc scheduling policy,32,300.0049,mysql 8.0.15,cfs_wwc scheduling policy,2656556,/home/dc/storage/i44/mysql/8.0.15/1b5c2dc269049eb1597c1fae92a8f803/data/q17FozTILOm3Bm,4.19.0-ipanema-gab29e103e36b,i44,108.01,2.6,,,,,,,4.74,1553204656.9924984,9595729.86,8855.0425
718,718,5.52,sysbench 1.1.0,cfs_wwc scheduling policy,64,300.0107,mysql 8.0.15,cfs_wwc scheduling policy,3474186,/home/dc/storage/i44/mysql/8.0.15/1b5c2dc269049eb1597c1fae92a8f803/data/xMqd1pcXWQWsKE,4.19.0-ipanema-gab29e103e36b,i44,157.06,2.49,,,,,,,7.84,1553122862.135207,19192038.69,11580.2058
719,719,28.94,sysbench 1.1.0,cfs_wwc scheduling policy,256,300.0548,mysql 8.0.15,cfs_wwc scheduling policy,2653887,/home/dc/storage/i44/mysql/8.0.15/1b5c2dc269049eb1597c1fae92a8f803/data/HU5hNqSZ5sbhww,4.19.0-ipanema-gab29e103e36b,i44,1718.67,2.61,,,,,,,53.85,1553124154.7149155,76795319.3,8844.6749
720,720,12.63,sysbench 1.1.0,cfs_wwc scheduling policy,128,300.0296,mysql 8.0.15,cfs_wwc scheduling policy,3039113,/home/dc/storage/i44/mysql/8.0.15/1b5c2dc269049eb1597c1fae92a8f803/data/BrznUvwsVcPJBf,4.19.0-ipanema-gab29e103e36b,i44,595.4,2.57,,,,,,,21.5,1553118342.113087,38391883.63,10129.3777
721,721,12.53,sysbench 1.1.0,cfs_wwc scheduling policy,128,300.0955,mysql 8.0.15,cfs_wwc scheduling policy,3065431,/home/dc/storage/i44/mysql/8.0.15/1b5c2dc269049eb1597c1fae92a8f803/data/kbaeQTNGVH1LFr,4.19.0-ipanema-gab29e103e36b,i44,590.78,2.63,,,,,,,21.5,1553202074.0140188,38396884.03,10214.8515
722,722,3.62,sysbench 1.1.0,cfs_wwc scheduling policy,32,300.0045,mysql 8.0.15,cfs_wwc scheduling policy,2649970,/home/dc/storage/i44/mysql/8.0.15/1b5c2dc269049eb1597c1fae92a8f803/data/n80Cv1GkYrsEGA,4.19.0-ipanema-gab29e103e36b,i44,130.89,2.51,,,,,,,4.74,1553120281.4664252,9595366.23,8833.1019
723,723,28.75,sysbench 1.1.0,cfs_wwc scheduling policy,256,300.056,mysql 8.0.15,cfs_wwc scheduling policy,2671550,/home/dc/storage/i44/mysql/8.0.15/1b5c2dc269049eb1597c1fae92a8f803/data/FjHQdZOBSbGmBF,4.19.0-ipanema-gab29e103e36b,i44,1879.85,2.62,,,,,,,52.89,1553200133.8655539,76795838.31,8903.5046
724,724,28.78,sysbench 1.1.0,cfs_wwc scheduling policy,256,300.3123,mysql 8.0.15,cfs_wwc scheduling policy,2669784,/home/dc/storage/i44/mysql/8.0.15/1b5c2dc269049eb1597c1fae92a8f803/data/Zbm98BwGFWg3hS,4.19.0-ipanema-gab29e103e36b,i44,1689.59,2.53,,,,,,,52.89,1553211344.7411456,76845147.0,8890.0254
725,725,5.51,sysbench 1.1.0,cfs_wwc scheduling policy,64,300.0112,mysql 8.0.15,cfs_wwc scheduling policy,3485196,/home/dc/storage/i44/mysql/8.0.15/1b5c2dc269049eb1597c1fae92a8f803/data/g2bugP9z4gL4Mp,4.19.0-ipanema-gab29e103e36b,i44,119.26,2.53,,,,,,,7.84,1553209084.97465,19191822.05,11616.8861
726,726,29.55,sysbench 1.1.0,Linux,256,300.058,mysql 8.0.15,Linux,2598949,/home/dc/storage/i44/mysql/8.0.15/a66ae007742554f15b8ce074c65f60fc/data/HdemNylwzv44zb,4.19.0-ipanema-gab29e103e36b,i44,1488.2,2.68,,,,,,,55.82,1553211990.769422,76791785.81,8661.4885
727,727,5.54,sysbench 1.1.0,Linux,64,300.0138,mysql 8.0.15,Linux,3462533,/home/dc/storage/i44/mysql/8.0.15/a66ae007742554f15b8ce074c65f60fc/data/NbMk5WX755GmOQ,4.19.0-ipanema-gab29e103e36b,i44,463.2,2.33,,,,,,,8.28,1553203688.6487994,19190692.3,11541.2476
728,728,12.84,sysbench 1.1.0,Linux,128,300.133,mysql 8.0.15,Linux,2990287,/home/dc/storage/i44/mysql/8.0.15/a66ae007742554f15b8ce074c65f60fc/data/GTVYc0hvM9Djas,4.19.0-ipanema-gab29e103e36b,i44,564.67,2.49,,,,,,,23.1,1553118664.9472134,38400086.68,9963.2064
729,729,12.77,sysbench 1.1.0,Linux,128,300.0274,mysql 8.0.15,Linux,3006774,/home/dc/storage/i44/mysql/8.0.15/a66ae007742554f15b8ce074c65f60fc/data/1rmxTqsiqUaezk,4.19.0-ipanema-gab29e103e36b,i44,556.18,2.4,,,,,,,22.69,1553201749.7828085,38390634.22,10021.6649
730,730,3.46,sysbench 1.1.0,Linux,32,300.0064,mysql 8.0.15,Linux,2776455,/home/dc/storage/i44/mysql/8.0.15/a66ae007742554f15b8ce074c65f60fc/data/1EpN4ydCRxXxHr,4.19.0-ipanema-gab29e103e36b,i44,104.58,2.53,,,,,,,4.74,1553120603.393223,9594844.39,9254.6512
731,731,3.42,sysbench 1.1.0,Linux,32,300.0062,mysql 8.0.15,Linux,2804835,/home/dc/storage/i44/mysql/8.0.15/a66ae007742554f15b8ce074c65f60fc/data/eTclZEuGRioVTP,4.19.0-ipanema-gab29e103e36b,i44,76.34,2.51,,,,,,,4.74,1553205624.1924918,9594625.68,9349.2565
732,732,5.57,sysbench 1.1.0,Linux,64,300.0124,mysql 8.0.15,Linux,3443952,/home/dc/storage/i44/mysql/8.0.15/a66ae007742554f15b8ce074c65f60fc/data/RPwlQW6RXBtJCy,4.19.0-ipanema-gab29e103e36b,i44,112.55,2.51,,,,,,,8.28,1553122539.3130565,19191316.55,11479.3664
733,733,5.57,sysbench 1.1.0,Linux,64,300.0388,mysql 8.0.15,Linux,3447644,/home/dc/storage/i44/mysql/8.0.15/a66ae007742554f15b8ce074c65f60fc/data/GlxrjABUcGkAIS,4.19.0-ipanema-gab29e103e36b,i44,147.03,2.44,,,,,,,8.28,1553210053.2632306,19192935.64,11490.6624
734,734,29.74,sysbench 1.1.0,Linux,256,300.2789,mysql 8.0.15,Linux,2583378,/home/dc/storage/i44/mysql/8.0.15/a66ae007742554f15b8ce074c65f60fc/data/1OfIPb1btN98ml,4.19.0-ipanema-gab29e103e36b,i44,1792.89,2.55,,,,,,,55.82,1553199810.9318066,76835710.74,8603.2607
735,735,12.86,sysbench 1.1.0,Linux,128,300.0296,mysql 8.0.15,Linux,2985244,/home/dc/storage/i44/mysql/8.0.15/a66ae007742554f15b8ce074c65f60fc/data/5R1AfO45jemiji,4.19.0-ipanema-gab29e103e36b,i44,630.6,2.37,,,,,,,22.69,1553208761.0278022,38391005.04,9949.8322
736,736,29.59,sysbench 1.1.0,Linux,256,300.0617,mysql 8.0.15,Linux,2595373,/home/dc/storage/i44/mysql/8.0.15/a66ae007742554f15b8ce074c65f60fc/data/bEYG4EREyiAXVy,4.19.0-ipanema-gab29e103e36b,i44,1649.32,2.63,,,,,,,56.84,1553123831.5158355,76793237.45,8649.4636
737,737,3.43,sysbench 1.1.0,Linux,32,300.0074,mysql 8.0.15,Linux,2796195,/home/dc/storage/i44/mysql/8.0.15/a66ae007742554f15b8ce074c65f60fc/data/b22cLNULi0OFnL,4.19.0-ipanema-gab29e103e36b,i44,74.17,2.49,,,,,,,4.74,1553212636.7456279,9594716.23,9320.4216
738,738,5.68,sysbench 1.1.0,ule scheduling policy,64,300.0102,mysql 8.0.15,ule scheduling policy,3381860,/home/dc/storage/i44/mysql/8.0.15/a990532b5c9879b4de91dfe5aed2f9f1/data/mlzPCIsbmqPrhL,4.19.0-ipanema-gab29e103e36b,i44,222.88,2.45,,,,,,,8.43,1553204011.2526908,19192723.93,11272.4849
739,739,29.56,sysbench 1.1.0,ule scheduling policy,256,300.0517,mysql 8.0.15,ule scheduling policy,2598178,/home/dc/storage/i44/mysql/8.0.15/a990532b5c9879b4de91dfe5aed2f9f1/data/d8T6XAZnzD8arD,4.19.0-ipanema-gab29e103e36b,i44,1719.41,2.5,,,,,,,55.82,1553210698.9726248,76795576.82,8659.1
740,740,12.78,sysbench 1.1.0,ule scheduling policy,128,300.0227,mysql 8.0.15,ule scheduling policy,3005012,/home/dc/storage/i44/mysql/8.0.15/a990532b5c9879b4de91dfe5aed2f9f1/data/z2wP1iOG6M5sxb,4.19.0-ipanema-gab29e103e36b,i44,620.35,2.46,,,,,,,22.28,1553207469.0834827,38392336.11,10015.948
741,741,29.52,sysbench 1.1.0,ule scheduling policy,256,300.1004,mysql 8.0.15,ule scheduling policy,2601552,/home/dc/storage/i44/mysql/8.0.15/a990532b5c9879b4de91dfe5aed2f9f1/data/lMzqKWn0f2FTYF,4.19.0-ipanema-gab29e103e36b,i44,1797.29,2.55,,,,,,,55.82,1553200457.2265368,76804416.12,8668.9397
742,742,5.69,sysbench 1.1.0,ule scheduling policy,64,300.0104,mysql 8.0.15,ule scheduling policy,3372750,/home/dc/storage/i44/mysql/8.0.15/a990532b5c9879b4de91dfe5aed2f9f1/data/ifd99kqfIdWxqI,4.19.0-ipanema-gab29e103e36b,i44,553.97,2.39,,,,,,,8.28,1553121570.6918669,19192380.48,11242.1114
743,743,3.72,sysbench 1.1.0,ule scheduling policy,32,300.0048,mysql 8.0.15,ule scheduling policy,2579954,/home/dc/storage/i44/mysql/8.0.15/a990532b5c9879b4de91dfe5aed2f9f1/data/E6cX1WLeGXQmsd,4.19.0-ipanema-gab29e103e36b,i44,78.14,2.6,,,,,,,5.18,1553213604.8538938,9595593.53,8599.7088
744,744,3.7,sysbench 1.1.0,ule scheduling policy,32,300.0049,mysql 8.0.15,ule scheduling policy,2591438,/home/dc/storage/i44/mysql/8.0.15/a990532b5c9879b4de91dfe5aed2f9f1/data/Flf2eDtgFvshGz,4.19.0-ipanema-gab29e103e36b,i44,120.96,2.48,,,,,,,5.18,1553121248.4584985,9595422.85,8637.9864
745,745,3.68,sysbench 1.1.0,ule scheduling policy,32,300.0045,mysql 8.0.15,ule scheduling policy,2610136,/home/dc/storage/i44/mysql/8.0.15/a990532b5c9879b4de91dfe5aed2f9f1/data/dA4KbaSC7BGOam,4.19.0-ipanema-gab29e103e36b,i44,89.95,2.55,,,,,,,5.18,1553205301.6363027,9595448.97,8700.3236
746,746,12.81,sysbench 1.1.0,ule scheduling policy,128,300.0234,mysql 8.0.15,ule scheduling policy,2997656,/home/dc/storage/i44/mysql/8.0.15/a990532b5c9879b4de91dfe5aed2f9f1/data/mLlJlMB13PDpMZ,4.19.0-ipanema-gab29e103e36b,i44,645.45,2.46,,,,,,,22.69,1553202397.0815525,38392286.49,9991.4063
747,747,5.7,sysbench 1.1.0,ule scheduling policy,64,300.0104,mysql 8.0.15,ule scheduling policy,3365087,/home/dc/storage/i44/mysql/8.0.15/a990532b5c9879b4de91dfe5aed2f9f1/data/wFyA0bb546w0AM,4.19.0-ipanema-gab29e103e36b,i44,623.87,2.42,,,,,,,8.28,1553209407.441947,19192511.6,11216.5678
748,748,12.77,sysbench 1.1.0,ule scheduling policy,128,300.0206,mysql 8.0.15,ule scheduling policy,3006684,/home/dc/storage/i44/mysql/8.0.15/a990532b5c9879b4de91dfe5aed2f9f1/data/Wj3gkn4eRVGQSO,4.19.0-ipanema-gab29e103e36b,i44,1081.05,2.51,,,,,,,22.28,1553119310.6834455,38392172.41,10021.5915
749,749,29.7,sysbench 1.1.0,ule scheduling policy,256,300.0463,mysql 8.0.15,ule scheduling policy,2585314,/home/dc/storage/i44/mysql/8.0.15/a990532b5c9879b4de91dfe5aed2f9f1/data/zesatwHna3ZI5Z,4.19.0-ipanema-gab29e103e36b,i44,1773.57,2.54,,,,,,,57.87,1553124478.4297338,76795808.76,8616.3834
750,750,12.56,sysbench 1.1.0,cfs_wwc scheduling policy,128,300.025,mysql 8.0.15,cfs_wwc scheduling policy,3057297,/home/dc/storage/i44/mysql/8.0.15/c52de8a31631cfbaf80194db7676fe2f/data/XrgwVereh2dQVx,4.19.0-ipanema-g9ba5ed25b696,i44,587.45,2.49,,,,,,,21.5,1552564108.6066766,38391945.99,10190.1402
751,751,3.63,sysbench 1.1.0,cfs_wwc scheduling policy,32,300.0047,mysql 8.0.15,cfs_wwc scheduling policy,2641356,/home/dc/storage/i44/mysql/8.0.15/c52de8a31631cfbaf80194db7676fe2f/data/YFKVz1l0H2tvd8,4.19.0-ipanema-g9ba5ed25b696,i44,137.35,2.55,,,,,,,4.91,1552512454.052138,9595530.55,8804.3822
752,752,12.57,sysbench 1.1.0,cfs_wwc scheduling policy,128,300.098,mysql 8.0.15,cfs_wwc scheduling policy,3055812,/home/dc/storage/i44/mysql/8.0.15/c52de8a31631cfbaf80194db7676fe2f/data/CxmqxwsuTi46F0,4.19.0-ipanema-g9ba5ed25b696,i44,597.47,2.53,,,,,,,21.5,1552462174.4781249,38397261.0,10182.714
753,753,28.76,sysbench 1.1.0,cfs_wwc scheduling policy,256,300.0515,mysql 8.0.15,cfs_wwc scheduling policy,2670067,/home/dc/storage/i44/mysql/8.0.15/c52de8a31631cfbaf80194db7676fe2f/data/mRCZDrlDhZJJNA,4.19.0-ipanema-g9ba5ed25b696,i44,1473.38,2.53,,,,,,,54.83,1552496017.5669243,76795193.46,8898.6955
754,754,3.64,sysbench 1.1.0,cfs_wwc scheduling policy,32,300.0052,mysql 8.0.15,cfs_wwc scheduling policy,2636010,/home/dc/storage/i44/mysql/8.0.15/c52de8a31631cfbaf80194db7676fe2f/data/oNsIx9ZB6SpGfo,4.19.0-ipanema-g9ba5ed25b696,i44,138.9,2.49,,,,,,,4.82,1552495048.2439175,9595422.18,8786.5485
755,755,3.62,sysbench 1.1.0,cfs_wwc scheduling policy,32,300.0052,mysql 8.0.15,cfs_wwc scheduling policy,2651040,/home/dc/storage/i44/mysql/8.0.15/c52de8a31631cfbaf80194db7676fe2f/data/cgn0Pl1oPl9NZy,4.19.0-ipanema-g9ba5ed25b696,i44,139.13,2.59,,,,,,,4.82,1552534824.5067992,9595700.88,8836.6482
756,756,5.51,sysbench 1.1.0,cfs_wwc scheduling policy,64,300.0114,mysql 8.0.15,cfs_wwc scheduling policy,3484640,/home/dc/storage/i44/mysql/8.0.15/c52de8a31631cfbaf80194db7676fe2f/data/ClWxaxqF3HNnQs,4.19.0-ipanema-g9ba5ed25b696,i44,158.03,2.57,,,,,,,7.84,1552510188.3854127,19192009.73,11615.0238
757,757,12.55,sysbench 1.1.0,cfs_wwc scheduling policy,128,300.0263,mysql 8.0.15,cfs_wwc scheduling policy,3059596,/home/dc/storage/i44/mysql/8.0.15/c52de8a31631cfbaf80194db7676fe2f/data/wH7cRAHGd0k9GD,4.19.0-ipanema-g9ba5ed25b696,i44,678.58,2.57,,,,,,,21.5,1552492138.5279214,38391976.75,10197.7579
758,758,3.7,sysbench 1.1.0,cfs_wwc scheduling policy,32,300.0047,mysql 8.0.15,cfs_wwc scheduling policy,2591755,/home/dc/storage/i44/mysql/8.0.15/c52de8a31631cfbaf80194db7676fe2f/data/xzk2QlYB2JVVSn,4.19.0-ipanema-g9ba5ed25b696,i44,135.8,2.66,,,,,,,4.91,1552416155.830185,9595592.07,8639.0468
759,759,12.53,sysbench 1.1.0,cfs_wwc scheduling policy,128,300.0283,mysql 8.0.15,cfs_wwc scheduling policy,3065182,/home/dc/storage/i44/mysql/8.0.15/c52de8a31631cfbaf80194db7676fe2f/data/AiKUCApvgUEjIf,4.19.0-ipanema-g9ba5ed25b696,i44,583.79,2.58,,,,,,,21.5,1552415186.5306664,38392474.62,10216.3112
760,760,12.47,sysbench 1.1.0,cfs_wwc scheduling policy,128,300.0263,mysql 8.0.15,cfs_wwc scheduling policy,3079600,/home/dc/storage/i44/mysql/8.0.15/c52de8a31631cfbaf80194db7676fe2f/data/3a0neXX7cFdqR9,4.19.0-ipanema-g9ba5ed25b696,i44,501.79,2.45,,,,,,,21.5,1552448115.195573,38391968.67,10264.4346
761,761,28.74,sysbench 1.1.0,cfs_wwc scheduling policy,256,300.0629,mysql 8.0.15,cfs_wwc scheduling policy,2672268,/home/dc/storage/i44/mysql/8.0.15/c52de8a31631cfbaf80194db7676fe2f/data/vCroguc5es8oa2,4.19.0-ipanema-g9ba5ed25b696,i44,1393.25,2.55,,,,,,,54.83,1552412278.3140554,76797045.29,8905.6941
762,762,5.47,sysbench 1.1.0,cfs_wwc scheduling policy,64,300.0101,mysql 8.0.15,cfs_wwc scheduling policy,3505807,/home/dc/storage/i44/mysql/8.0.15/c52de8a31631cfbaf80194db7676fe2f/data/JCTUTJf6662w1u,4.19.0-ipanema-g9ba5ed25b696,i44,151.8,2.48,,,,,,,7.84,1552453291.893593,19192124.35,11685.6287
763,763,28.95,sysbench 1.1.0,cfs_wwc scheduling policy,256,300.0522,mysql 8.0.15,cfs_wwc scheduling policy,2652903,/home/dc/storage/i44/mysql/8.0.15/c52de8a31631cfbaf80194db7676fe2f/data/vQFGlNK5HlyYZV,4.19.0-ipanema-g9ba5ed25b696,i44,1523.21,2.56,,,,,,,54.83,1552538389.1738806,76796007.58,8841.4704
764,764,29.23,sysbench 1.1.0,cfs_wwc scheduling policy,256,300.0539,mysql 8.0.15,cfs_wwc scheduling policy,2627315,/home/dc/storage/i44/mysql/8.0.15/c52de8a31631cfbaf80194db7676fe2f/data/WHD5iZEGHqDOn8,4.19.0-ipanema-g9ba5ed25b696,i44,1625.19,2.56,,,,,,,54.83,1552508570.065956,76794707.02,8756.1447
765,765,28.8,sysbench 1.1.0,cfs_wwc scheduling policy,256,300.0552,mysql 8.0.15,cfs_wwc scheduling policy,2666954,/home/dc/storage/i44/mysql/8.0.15/c52de8a31631cfbaf80194db7676fe2f/data/UzFoDw691RELOh,4.19.0-ipanema-g9ba5ed25b696,i44,1486.72,2.52,,,,,,,54.83,1552450378.6692586,76795297.98,8888.21
766,766,3.64,sysbench 1.1.0,cfs_wwc scheduling policy,32,300.0043,mysql 8.0.15,cfs_wwc scheduling policy,2635372,/home/dc/storage/i44/mysql/8.0.15/c52de8a31631cfbaf80194db7676fe2f/data/YvaXBm8n3FBWja,4.19.0-ipanema-g9ba5ed25b696,i44,135.16,2.51,,,,,,,5.0,1552448761.5312526,9595472.9,8784.4478
767,767,5.48,sysbench 1.1.0,cfs_wwc scheduling policy,64,300.0109,mysql 8.0.15,cfs_wwc scheduling policy,3502951,/home/dc/storage/i44/mysql/8.0.15/c52de8a31631cfbaf80194db7676fe2f/data/eVXtrWBEbCo22C,4.19.0-ipanema-g9ba5ed25b696,i44,155.28,2.51,,,,,,,7.84,1552414216.3970892,19191918.01,11676.0786
768,768,5.48,sysbench 1.1.0,cfs_wwc scheduling policy,64,300.0106,mysql 8.0.15,cfs_wwc scheduling policy,3499405,/home/dc/storage/i44/mysql/8.0.15/c52de8a31631cfbaf80194db7676fe2f/data/WqJXecTQRv50Io,4.19.0-ipanema-g9ba5ed25b696,i44,156.41,2.52,,,,,,,7.84,1552491489.0362275,19192283.89,11664.2699
769,769,5.5,sysbench 1.1.0,cfs_wwc scheduling policy,64,300.0107,mysql 8.0.15,cfs_wwc scheduling policy,3486542,/home/dc/storage/i44/mysql/8.0.15/c52de8a31631cfbaf80194db7676fe2f/data/vbMCwyNMjefrvG,4.19.0-ipanema-g9ba5ed25b696,i44,201.62,2.5,,,,,,,7.84,1552534177.871592,19192329.99,11621.3912
770,770,12.45,sysbench 1.1.0,cfs_wwc scheduling policy,128,300.0237,mysql 8.0.15,cfs_wwc scheduling policy,3083218,/home/dc/storage/i44/mysql/8.0.15/c52de8a31631cfbaf80194db7676fe2f/data/LVDKCwyxENLMMt,4.19.0-ipanema-g9ba5ed25b696,i44,550.27,2.48,,,,,,,21.5,1552536444.547805,38391831.34,10276.5825
771,771,12.51,sysbench 1.1.0,cfs_wwc scheduling policy,128,300.0233,mysql 8.0.15,cfs_wwc scheduling policy,3069447,/home/dc/storage/i44/mysql/8.0.15/c52de8a31631cfbaf80194db7676fe2f/data/oqTlJy1Sd9LLjt,4.19.0-ipanema-g9ba5ed25b696,i44,618.77,2.51,,,,,,,21.5,1552514391.6184633,38392167.61,10230.6955
772,772,5.5,sysbench 1.1.0,cfs_wwc scheduling policy,64,300.011,mysql 8.0.15,cfs_wwc scheduling policy,3488699,/home/dc/storage/i44/mysql/8.0.15/c52de8a31631cfbaf80194db7676fe2f/data/APFZrIqE1m0DX6,4.19.0-ipanema-g9ba5ed25b696,i44,398.46,2.54,,,,,,,7.84,1552461204.0958724,19192344.07,11628.5686
773,773,3.63,sysbench 1.1.0,cfs_wwc scheduling policy,32,300.0047,mysql 8.0.15,cfs_wwc scheduling policy,2640336,/home/dc/storage/i44/mysql/8.0.15/c52de8a31631cfbaf80194db7676fe2f/data/27fj2UawtZj7P5,4.19.0-ipanema-g9ba5ed25b696,i44,135.39,2.52,,,,,,,4.91,1552463143.5902712,9595426.51,8800.9828
774,774,29.0,sysbench 1.1.0,cfs_wwc scheduling policy,256,300.3335,mysql 8.0.15,cfs_wwc scheduling policy,2650635,/home/dc/storage/i44/mysql/8.0.15/c52de8a31631cfbaf80194db7676fe2f/data/hHmjqZS24vGXi4,4.19.0-ipanema-g9ba5ed25b696,i44,1582.55,2.54,,,,,,,54.83,1552465407.3021257,76862769.63,8825.6387
